PM2.5,PM10,NO,NO2,NOx,NH3,CO,SO2,O3,Benzene,Toluene,Xylene,AQI,Air_quality
81.4,124.5,1.44,20.5,12.08,10.72,0.12,15.24,127.09,0.2,6.5,0.06,184,Moderate
78.32,129.06,1.26,26,14.85,10.28,0.14,26.96,117.44,0.22,7.95,0.08,197,Moderate
88.76,135.32,6.6,30.85,21.77,12.91,0.11,33.59,111.81,0.29,7.63,0.12,198,Moderate
64.18,104.09,2.56,28.07,17.01,11.42,0.09,19,138.18,0.17,5.02,0.07,188,Moderate
72.47,114.84,5.23,23.2,16.59,12.25,0.16,10.55,109.74,0.21,4.71,0.08,173,Moderate
69.8,114.86,4.69,20.17,14.54,10.95,0.12,14.07,118.09,0.16,3.52,0.06,165,Moderate
73.96,113.56,4.58,19.29,13.97,10.95,0.1,13.9,123.8,0.17,2.85,0.04,191,Moderate
89.9,140.2,7.71,26.19,19.87,13.12,0.1,19.37,128.73,0.25,2.79,0.07,191,Moderate
87.14,130.52,0.97,21.31,12.12,14.36,0.15,11.41,114.8,0.23,3.82,0.04,227,Poor
84.64,125,4.02,26.98,17.58,14.41,0.18,9.84,112.41,0.31,3.53,0.09,168,Moderate
88.36,121.77,3.7,20.23,13.75,13.72,0.12,14.02,117.93,0.24,2.92,0.03,198,Moderate
96.83,139.36,1.6,25.65,14.99,15.12,0.11,16.54,117.21,0.29,4.45,0.07,201,Poor
117.46,181.64,4.26,41.1,25.32,17.34,0.13,28.79,94.63,0.36,6.21,0.17,252,Poor
122.88,208.86,5.56,54.87,33.71,17.96,0.27,22.97,68.6,0.36,6.28,0.21,310,Hazardous
74.28,141.22,6.1,44.97,28.88,15.73,0.09,21.9,60.62,0.26,4.79,0.16,196,Moderate
50.32,102.77,1.73,33.85,19.41,12.56,0.1,13.65,68.15,0.2,4.29,0.1,132,Moderate
58.47,115.27,4.93,41.64,26.15,15.2,0.16,18.37,73.75,0.23,5.51,0.16,147,Moderate
89.35,131.48,7.97,42.1,28.88,21.24,0.24,7.42,44.67,0.28,7.01,0.19,179,Moderate
64.42,99.74,7.2,34.78,24.36,17.63,0.15,5.81,50.16,0.24,6.11,0.14,145,Moderate
69.4,98.94,5.81,29.97,20.67,19.34,0.14,5.8,55,0.23,5.09,0.14,115,Moderate
71.07,109.65,4.19,25,16.7,16,0.1,8.33,79.04,0.18,3.45,0.07,140,Moderate
79.76,129.81,8.77,40.92,28.84,15.56,0.17,8.51,73.17,0.24,4.41,0.13,156,Moderate
108.06,167.62,7.29,47.05,30.94,18.52,0.08,16.05,70.74,0.31,4.32,0.24,225,Poor
100.75,172.04,7.63,53.94,33.45,18.49,0.11,14.05,59.2,0.26,3.77,0.19,251,Poor
106.25,171.56,2.74,43.09,21.78,19.66,0.13,15.45,66.9,0.28,3.13,0.18,228,Poor
83.79,141.83,6.77,47.47,30.74,17.37,0.3,13.35,77.54,0.29,3.7,0.15,223,Poor
79.98,147.74,7.02,49.55,32.07,17.28,0.14,13.58,79.71,0.33,3.95,0.19,170,Moderate
76.27,152.59,7.51,56,35.9,19.53,0.15,29.88,56.97,0.29,4.44,0.19,165,Moderate
86.5,147.95,5.24,42,26.6,20.78,0.15,11.85,73.09,0.31,3.9,0.17,159,Moderate
100.62,167.75,3.75,47.68,28.41,23.68,0.22,10.85,62.78,0.34,4.81,0.29,232,Poor
110.73,171.47,1.69,31.06,17.89,21.66,0.1,12.23,76.07,0.33,3.96,0.16,242,Poor
107.7,170.21,4.97,43.54,27.2,22.52,0.17,18.07,64.6,0.33,4.01,0.16,274,Poor
104.81,192.2,9.59,63.48,41.57,21.06,0.23,17.01,63.87,0.38,4.1,0.36,259,Poor
89.95,175.16,10.95,64.53,43.23,18.87,0.27,15.52,62.49,0.36,4.12,0.23,225,Poor
74.58,138.6,6.14,46.65,29.81,18.2,0.17,9.47,67.11,0.32,3.76,0.18,177,Moderate
56.68,109.33,4.6,33.26,21.44,16.86,0.1,8.26,66.91,0.25,3.28,0.14,120,Moderate
61.03,131.62,5.51,39.5,25.49,17.82,0.08,11.45,61.91,0.33,4.16,0.19,120,Moderate
59.03,108.83,3.45,23.36,15.23,18.03,0.09,26.05,87.55,0.23,3.2,0.09,120,Moderate
61.88,109.82,3.87,23.14,15.45,19.57,0.09,12.81,81.38,0.2,3.84,0.04,132,Moderate
71.57,137.48,5.01,39.99,25.36,25.61,0.09,16.82,80.3,0.24,6.55,0.11,136,Moderate
92.44,174.75,5.84,53.79,33.36,19.45,0.11,16.93,71.09,0.3,7.23,0.23,182,Moderate
92.9,162.69,6.38,56.39,35.19,21.02,0.08,23.11,68.79,0.29,7.88,0.2,222,Poor
85.15,151.97,11.05,61.55,41.72,18.71,0.07,11.86,90.8,0.26,7.14,0.16,230,Poor
81.47,145.68,6.45,46.9,30.18,20.18,0.07,9.63,96.49,0.25,7.26,0.15,224,Poor
81.58,132.66,3.97,34.93,21.81,21.59,0.09,12.81,118.91,0.29,6.16,0.15,217,Poor
79.56,146.64,4.44,37.58,23.6,17.71,0.05,17.77,137.61,0.05,1.1,0.02,230,Poor
87.43,155.95,3.9,37.31,23.02,22.35,0.1,13.4,121.72,0.1,1.93,0.01,229,Poor
87.33,153.97,3.95,42.52,25.82,23.66,0.08,35.39,106.17,0.22,6.61,0.07,229,Poor
110.39,182.54,4.54,52.24,31.49,24.74,0.04,36.01,82.2,0.28,8.48,0.12,235,Poor
77.51,125.01,3.85,36.41,22.49,20.06,0.05,14.36,72.16,0.19,7.12,0.07,214,Poor
86.96,129.99,3.65,28.32,18.03,21.23,0.05,4.83,62.6,0.23,6.93,0.07,186,Moderate
76.29,115.53,2.96,21.35,13.75,20.38,0.05,8.75,69.99,0.18,7.71,0.07,172,Moderate
67.06,100.34,3.22,20.25,13.29,18.78,0.06,4.7,54.92,0.15,6.52,0.07,138,Moderate
68.34,104.45,3.71,26.26,16.99,20.29,0.06,6.43,45.63,0.15,6.54,0.07,125,Moderate
66.28,117.3,7.36,45.13,29.99,21.68,0.05,7.21,45.97,0.19,6.81,0.1,132,Moderate
64.98,116.14,6.98,45.4,29.83,21.32,0.06,8.83,50.28,0.18,6.79,0.14,111,Moderate
75.46,132.84,9.56,56.53,37.84,21.88,0.13,30.48,51.98,0.2,6.58,0.14,137,Moderate
81.58,141.85,4.99,38.15,24.35,19.33,0.05,11.04,59.76,0.16,5.83,0.07,172,Moderate
78.27,142.86,5.98,45.36,29.01,19.12,0.06,10.32,58.53,0.16,5.57,0.06,160,Moderate
79.01,138.14,6.16,45.43,29.17,20.29,0.06,10.18,58.04,0.18,5.76,0.07,163,Moderate
77.98,137.31,5.09,44.96,28.04,21.11,0.06,7.22,50.69,0.17,6.37,0.08,165,Moderate
77.96,155.73,8.4,59.92,38.7,23.45,0.06,31.01,40.77,0.18,7.39,0.13,139,Moderate
79.04,143.38,6.19,43.61,28.23,26,0.08,8.67,45.46,0.19,7.14,0.1,176,Moderate
77.78,131.14,6.1,43.84,28.33,26.3,0.09,7.62,43.26,0.18,6.61,0.07,162,Moderate
76.48,131.86,4.06,33.37,21.04,22.05,0.06,7.49,45.71,0.16,4.43,0.06,160,Moderate
74.2,135.97,4.3,35.82,22.55,20.24,0.07,12.16,53,0.15,4.24,0.05,142,Moderate
78.23,140.66,5.36,45.76,28.7,21.73,0.05,12.45,45.35,0.19,4.83,0.08,172,Moderate
68.53,147.48,8.28,61.52,39.46,19.74,0.04,23.68,37.99,0.18,5.11,0.11,134,Moderate
62.08,152.59,10.08,62.18,41.29,19.42,0.05,8.97,34.93,0.16,4.65,0.13,136,Moderate
50.64,130.36,6.48,45.52,29.49,19.89,0.07,10.61,40.57,0.18,3.9,0.11,130,Moderate
44.21,119.52,3.63,34.37,21.23,23.31,0.07,5.86,31.73,0.09,3.54,0.06,111,Moderate
50.71,115.65,7.91,35.16,25.13,11.19,0.06,8.16,32.58,0.13,3.19,0.08,117,Moderate
42.27,100.54,4.95,30.69,20.33,13.4,0.66,8.99,32.18,0.12,2.8,0.09,102,Moderate
39.41,101.1,3.21,28.53,17.83,17.9,0.81,5.86,28.72,0.12,3.07,0.11,108,Moderate
50.56,116.89,6.93,37.27,25.44,11.05,0.97,5.25,23.36,0.08,2.3,0.1,99,Satisfactory
50.54,120.05,2.91,26.96,16.74,13.02,0.9,17.9,36.66,0.1,2.28,0.21,121,Moderate
26.22,62.82,2.24,20.1,12.54,12.32,0.61,8.25,23.74,0.07,3.07,0.12,86,Satisfactory
31.83,66.74,2.76,16.83,11.14,11.9,0.61,5.87,24.72,0.05,2.64,0.11,57,Satisfactory
70.26,112.29,0.4,11.87,6.57,13.05,0.62,7.29,31.4,0.06,2.1,0.1,107,Moderate
59.47,99.73,0.54,12.85,7.18,11.94,0.68,7.62,30.57,0.04,1.88,0.11,118,Moderate
58.71,99.04,0.41,13.88,7.62,11.99,0.86,6.89,36.2,0.12,1.84,0.1,110,Moderate
56.29,107.96,0.25,16.71,9.02,10.89,0.95,12.91,48.39,0.16,2.37,0.1,114,Moderate
50.41,118.62,1.68,25.6,15.01,20.24,0.69,11.81,33.46,0.17,3.82,0.11,111,Moderate
57.53,128.81,1.94,25.03,14.88,33.72,0.78,25.39,31.15,0.15,3.02,0.14,117,Moderate
43.82,97.19,1.45,16.01,9.45,22.52,0.67,17.62,27.62,0.09,2.52,0.12,107,Moderate
42.71,80.24,15.9,17.35,22.25,24.68,0.49,9.53,30.68,0.1,3.09,0.12,87,Satisfactory
54.73,94.12,3.49,12.79,9.73,22.79,0.58,8.21,30.21,0.08,2.23,0.15,89,Satisfactory
50.91,99.84,4.55,16.33,12.39,23.18,0.64,10.34,26.24,0.1,2.51,0.1,97,Satisfactory
38.5,106.7,4.5,16.82,12.69,19.54,0.58,11.02,26.62,0.1,2.68,0.11,100,Satisfactory
32.21,107.43,7.39,17.33,15.32,18.13,0.6,11.81,24.84,0.12,3.28,0.13,105,Moderate
35.36,107.25,6.13,17.75,14.52,16.57,0.85,10.87,23.99,0.09,2.92,0.2,114,Moderate
59.65,127.26,8.21,19.14,16.94,20.46,0.7,10.82,21.64,0.16,2.67,0.15,116,Moderate
46.16,115.95,11.52,17.19,18.59,16.35,,9.18,16.94,0.13,2.51,0.13,116,Moderate
34.31,107.74,9.19,20.85,18.66,15.88,,13.97,16.28,0.1,2.44,0.12,98,Satisfactory
39.52,113.31,19.35,21.18,27,18.5,0.81,15.02,18.8,0.15,2.65,0.2,116,Moderate
43.08,116.06,5.34,19.02,14.54,22.46,0.79,22.7,25.64,0.09,2.16,0.12,108,Moderate
38.1,97,7.1,22.21,17.68,19.27,0.79,13.89,22.73,0.06,2.12,0.11,100,Satisfactory
33.08,83.16,5.37,18.83,14.38,14.52,0.72,8.98,23.63,0.05,2.04,0.1,92,Satisfactory
29.7,77.45,4.45,17.33,13.01,12.72,0.65,9.71,29.26,0.05,1.85,0.1,80,Satisfactory
38.67,82.67,4.45,22.81,15.74,12.41,0.66,12.63,22.9,0.06,2.18,0.11,88,Satisfactory
30.04,83.07,11.58,24.74,22.65,12.52,0.78,8.98,17.81,0.05,1.91,0.21,83,Satisfactory
39.72,103.81,19.66,26.29,30.06,14.03,0.81,9.68,17.53,0.11,2.46,0.17,100,Satisfactory
38.21,78.95,5.71,19.03,14.85,14.15,0.75,8.03,22.81,0.05,2.19,0.1,81,Satisfactory
58.31,124.64,11.93,28.85,25.14,14,1.03,10.21,22.24,0.12,2.38,0.16,112,Moderate
62.49,113.56,8.08,22.65,18.7,16.53,0.91,12.68,26.26,0.09,2.18,0.12,113,Moderate
49.04,102.46,5.75,19.92,15.26,14.09,0.64,6.82,26.52,0.1,2.5,0.1,105,Moderate
41.67,80.09,2.74,13.08,9.19,13.51,0.78,8.35,30.38,0.11,2.08,0.1,88,Satisfactory
32.44,75.3,6.01,19.07,15.02,12.65,0.68,7.75,21.52,0.09,2.72,0.15,78,Satisfactory
26.43,80.85,10.73,20.82,19.8,11.64,0.72,9.43,16.52,0.08,2.24,0.13,78,Satisfactory
25.08,60.67,7.17,15.22,13.94,14.1,0.56,8.63,13.8,0.05,2.19,0.12,69,Satisfactory
26.09,63.05,4.9,10.42,9.51,10.74,0.58,11.33,21.38,0.02,1.26,0.1,60,Satisfactory
16.62,39.94,4.9,8.18,8.43,11.53,0.58,6.37,12.68,0.01,1.52,,51,Satisfactory
49.58,82.95,4.98,19.05,14.27,13.47,0.7,12.47,20.32,0.09,2.18,0.22,61,Satisfactory
43.52,80.01,6.41,20.43,16.16,13.75,0.8,10.57,23.36,0.12,2.6,0.29,90,Satisfactory
39.83,76.09,4.63,14.37,11.5,13.34,0.7,8.89,23.13,0.09,2.71,0.1,74,Satisfactory
36.89,76.61,6.62,18.83,15.39,13.96,0.57,7.04,13.58,0.06,2.88,0.1,76,Satisfactory
52.69,94.25,4.69,14.44,11.58,15.35,0.59,16.81,19.03,0.01,1.48,0.1,92,Satisfactory
46.48,95.41,4.35,14.79,11.5,15.02,0.6,15.55,21.04,0.03,1.62,0.16,93,Satisfactory
44.22,77.62,3.56,8.53,7.52,14.58,0.73,9.61,23.87,0.02,1.28,0.1,88,Satisfactory
35.91,71.26,2.94,6.99,6.19,13.53,0.67,3.69,27.58,0.01,1.69,,75,Satisfactory
39.05,81.51,3.43,9.86,8.11,10.94,0.68,7.26,23.74,0.05,2.2,0.13,79,Satisfactory
30.21,67.22,5.11,11.29,10.25,11.24,0.58,13.19,20.89,0.01,1.96,0.1,74,Satisfactory
31.14,60.35,4.25,10.36,9.05,11.8,0.83,14.42,20.99,0.02,1.69,0.1,62,Satisfactory
26.82,52.51,3.63,7.68,7.14,11.54,0.69,13.63,23.6,0,1.27,,53,Satisfactory
26.34,52.07,3.49,8.43,7.41,9.3,0.57,18.83,23.6,0,1.38,,53,Satisfactory
28.48,55.8,3.06,6.86,6.23,10.49,0.64,12.97,24.19,0,1.42,,55,Satisfactory
21.83,52.92,2.69,5.28,5.09,7.53,0.55,8.3,23.34,0,1.43,,52,Satisfactory
24.23,52.06,4.32,14.33,11.23,8.17,0.56,9.95,23.86,0.04,1.38,0.1,55,Satisfactory
22.29,55.96,4.38,11.27,9.64,10.88,0.67,8.08,19.63,0.03,1.85,0.1,56,Satisfactory
25.28,54.59,4.93,9.65,9.24,12.44,0.72,8.7,19.64,0.01,1.5,0.1,56,Satisfactory
19.68,45.57,2.06,6.63,5.2,8.44,0.69,5.86,14.34,0,1.43,,52,Satisfactory
24.4,70.25,5.01,10.84,9.84,10.27,0.74,7.4,13.13,0,1.11,0.1,76,Satisfactory
20.05,79.5,4.17,13.54,10.69,9.77,0.65,10.35,34.29,0.02,1.12,,76,Satisfactory
23.72,55.74,4.18,8.86,8.18,10.54,0.81,6.71,19.29,0,0.99,0.1,81,Satisfactory
26.12,56.77,4.8,11.71,10.14,9.83,0.5,6.88,14.32,0,1.14,0.12,59,Satisfactory
12.42,36.29,4.47,10.28,9.11,4.63,0.51,5.82,36.88,0.03,0.21,0.15,52,Satisfactory
16.78,42.22,2.87,5.94,5.57,7.82,0.4,7.31,50.24,0.21,0.74,,84,Satisfactory
19.77,62.11,3.66,10,8.38,9.3,1.03,12.02,43.79,0.57,0,,95,Satisfactory
22.63,54.13,2.87,14.93,10.28,9.67,0.26,9.43,41.32,0.81,0,,58,Satisfactory
15.2,45.09,4.69,9.26,8.84,8.99,1.18,6.82,54.21,2.11,0.06,4.47,125,Moderate
9.58,28.33,3.12,9.05,7.35,13.54,0.59,7.27,122.21,1,0,,192,Moderate
16.44,54.42,2.37,7.26,5.79,9.16,,8.06,40.47,0.95,0,0.1,81,Satisfactory
13.23,41.25,2.51,5.4,4.92,9.37,,6.55,29.12,0.23,0.04,1.3,65,Satisfactory
25.62,56.44,4.28,13.88,10.97,11.52,0.48,7.3,44.62,0.44,0.34,8.45,86,Satisfactory
40.32,66.25,4.36,11.3,9.65,10.61,0.5,7.57,24.35,39.22,4.47,8.46,62,Satisfactory
13.07,37.35,3.8,8.59,7.75,9.78,0.46,6.09,29.05,28.37,5.06,4.02,78,Satisfactory
16.56,41.96,3.03,7.25,6.31,9.48,0.41,6.48,62.01,35.84,0.44,1.52,114,Moderate
19.57,44.72,3.72,7.72,7.22,10.79,0.34,5.99,64.58,53.89,26.79,125.18,103,Moderate
30.96,72.18,3.63,10.82,8.8,11.18,0.36,11.72,82.13,48.64,6.44,,134,Moderate
23.25,61.1,4.29,15.21,11.68,9.62,0.43,9.78,57.54,21.16,20.84,,106,Moderate
27.42,57.28,3.36,19.38,13.04,7.89,0.32,6.83,77.6,16.54,8.98,89.7,129,Moderate
31.26,72.82,2.6,10.78,7.92,9.02,0.4,7.7,100.25,6.66,1,47.94,136,Moderate
28.12,70.21,2.67,13.18,9.28,11.27,0.38,7.28,126.43,4.24,6.34,22.67,155,Moderate
32.33,55.74,3.37,18.42,12.62,13.99,0.51,6.22,44.58,1.84,76.32,,87,Satisfactory
18.81,55.66,3.91,11.7,9.49,11.32,1.01,5.53,62.72,0.23,0.26,0.1,88,Satisfactory
18.69,50.06,3.48,12.39,9.52,12.21,0.81,7.62,68.32,0.38,0.2,,101,Moderate
17.85,43.47,3.35,11.42,8.88,11.67,1.05,6.86,63.17,0.41,0.24,,80,Satisfactory
18.09,45.11,3,7.26,6.39,9.25,1,6.14,64.6,0.4,0.24,0.1,89,Satisfactory
18.93,60.89,3.85,7.4,7.15,10.94,0.55,6.76,50.27,0.43,0.26,,71,Satisfactory
16.86,48.26,2.98,8.54,6.96,10.01,0.52,7.12,50.39,0.36,0.22,0.1,68,Satisfactory
16.85,54.97,5.26,10.6,10,11.26,0.57,7.55,43.4,0.38,0.25,,56,Satisfactory
16.46,33.5,5.95,17.41,14.19,11.74,0.61,4.72,40.44,0.48,0.5,0.3,65,Satisfactory
18.4,49.43,4.29,13.66,10.85,13.37,0.38,5.51,48,0.4,0.28,0.1,66,Satisfactory
20.31,49.14,3.84,12.76,9.99,12.81,0.41,7.54,61.59,0.39,0.25,0.1,96,Satisfactory
23.99,46.59,3.45,16.64,11.74,15.06,0.51,5.01,46.14,0.34,0.32,0.13,68,Satisfactory
20.36,41.99,4.47,15.53,11.98,13.73,0.52,6.62,53.13,0.32,0.27,0.11,76,Satisfactory
15.08,38.79,5.11,13.96,11.66,10.28,0.4,4.9,44.36,0.32,0.25,0.11,70,Satisfactory
19.42,69.33,5.64,13.23,11.71,10.96,0.41,5.6,47.28,0.29,0.25,0.1,75,Satisfactory
13.93,48.97,5.11,10.72,9.94,11.11,0.33,6.52,44.77,0.3,0.25,0.1,73,Satisfactory
18.29,41.01,6.12,17.63,14.44,13.21,0.63,6.53,37.35,0.32,0.29,0.13,85,Satisfactory
17.25,32.02,2.58,6.82,5.82,11.04,0.37,4.65,65.23,0.29,0.2,0.2,83,Satisfactory
16.89,30.98,2.61,6.37,5.51,10.19,0.39,6.75,54.84,0.35,0.87,4.88,62,Satisfactory
15.95,25.24,7.52,7.16,10.56,16.27,0.64,8.77,37.76,0.28,0.12,0.1,79,Satisfactory
8.68,26.62,2.19,5.01,4.44,12.07,0.31,6.29,19.52,0.2,0.06,0.1,31,Good
10.45,41.47,4.1,11.13,9.34,14.62,0.47,9.94,28.24,0.21,0.09,0.1,39,Good
14.48,35.5,5.28,12.77,11.09,12.61,0.5,9.81,24.28,0.19,0.07,0.1,42,Good
17.96,47.61,5.68,14.95,12.66,14.75,0.69,6.51,32.73,0.19,0.12,0.15,73,Satisfactory
17.42,56.44,5.71,16.26,13.39,15.6,0.47,11.83,28.85,0.21,0.11,0.1,55,Satisfactory
17.79,68.97,7.15,16.25,14.55,14.24,0.62,10.42,26.08,0.16,0.08,0.2,86,Satisfactory
17.74,80.26,10.41,20.1,19.29,18.23,0.49,10.98,27.33,0.2,0.19,0.1,57,Satisfactory
21.78,76.32,5.21,20.63,15.21,18.8,0.44,9.64,25.7,0.16,0.18,0.1,85,Satisfactory
28.31,98.01,9.45,24.83,20.98,18.71,0.54,6.69,31.12,0.13,0.12,0.1,85,Satisfactory
27.1,112.48,9.04,23.91,20.07,21.23,0.47,12.6,23.43,0.16,0.22,0.1,106,Moderate
20.21,91.71,4.66,16.41,12.61,18.05,0.34,6.74,29.91,0.12,0.08,0.1,100,Satisfactory
18.52,51.48,6.99,18.33,15.52,20.07,0.43,12.46,28.73,0.13,0.1,0.1,68,Satisfactory
25.59,70.1,10.33,21.95,20.17,21.89,0.5,8.64,26.4,0.13,0.14,0.12,61,Satisfactory
21.79,75.21,4.79,15.65,12.3,19.74,0.38,11.1,30.57,0.12,0.08,0.2,71,Satisfactory
18.47,52.91,7.36,16.89,15.06,16.57,0.8,11.49,22.14,0.11,0.09,0.1,111,Moderate
16.73,40.15,6.61,16.05,14,19.69,0.44,9.02,20.11,0.11,0.07,0.13,47,Good
18.72,57.71,7.08,25.46,19.29,22.11,0.42,12.33,18.28,0.12,0.15,0.1,47,Good
11.39,28.72,4.4,11.2,9.63,24.46,0.39,9.47,21.17,0.12,0.07,0.1,48,Good
10.62,19.96,3.71,9.32,8.1,17.43,0.59,10.32,14.62,0.07,0.03,0.1,49,Good
8.1,15.83,2.78,8.58,6.84,11.88,0.77,8.72,14.52,0,0,,50,Good
9.28,16.42,5.01,7.85,8.31,14.27,0.92,8.12,12.29,0.04,0.03,0.1,57,Satisfactory
7.45,20.5,3.99,8.92,8.08,14.63,0.88,8.35,16.01,0.05,0.04,0.1,60,Satisfactory
15.32,45.04,3.13,10.48,8.12,15.07,0.88,8.93,14.12,0.1,0.06,0.1,52,Satisfactory
8.84,23.71,3.77,6.74,6.74,18.92,0.95,8.39,21.01,0.1,0.02,,54,Satisfactory
11.39,24.61,3.02,7.96,6.77,13.6,0.96,11.82,26.34,0.1,0.02,0.1,63,Satisfactory
12.51,32.52,2.71,6.6,5.8,14.61,0.86,9.47,28.28,0.1,0.02,0.1,53,Satisfactory
8.71,14.17,1.36,6.04,4.31,20.04,1.03,8.12,22.3,0.1,0.01,0.1,56,Satisfactory
7,7.8,1.7,7.66,5.45,17.12,1.08,8.39,17.77,0.09,0,0.1,75,Satisfactory
15.76,40.74,4.78,19.03,14.1,16.38,1.36,9.46,23.34,0.1,0.09,0.15,89,Satisfactory
18.79,60.26,5.2,20.45,15.18,18.52,1.1,10.01,22.54,0.1,0.07,0.1,76,Satisfactory
15.05,43.47,3.3,14.59,10.44,19.91,0.95,10.12,22.85,0.1,0.04,,78,Satisfactory
10.1,23.92,4.73,13.33,11.02,19.26,0.87,9.24,20.67,0.1,0.08,0.1,66,Satisfactory
14.43,43.47,6.66,16.04,14.03,17.73,0.95,9.76,24.54,0.09,0.06,0.13,61,Satisfactory
22.65,57.46,4.52,16.8,12.7,19.88,1.18,8.89,29.44,0.1,0.08,0.1,83,Satisfactory
28.45,81.89,6.68,19.36,15.81,20.7,1.39,9.78,29.76,0.1,0.07,0.1,87,Satisfactory
24.94,69.22,3.56,19.99,13.29,20.42,1.4,11.98,28.1,0.04,0.06,0.1,97,Satisfactory
26.24,62.75,4.63,21.34,15.23,24.55,1.68,11.17,27.98,0.07,0.12,0.1,98,Satisfactory
30.6,76.16,7.16,24.63,18.91,22.37,1.71,11.64,24.36,0.11,0.18,0.12,99,Satisfactory
24.22,86.08,9.81,26.49,22.16,21.11,1.68,11.54,26.93,0.09,0.1,0.1,98,Satisfactory
31.3,101.05,9.49,25.22,21.23,18.06,1.48,11.06,35.61,0.08,0.16,0.1,90,Satisfactory
27.1,89.38,11.58,21.31,20.76,23.69,1.54,10.21,28.77,0.08,0.11,0.1,106,Moderate
33.28,75.5,10.44,32.4,25.96,23.03,1.11,8.91,30.15,0.07,0.07,0.1,88,Satisfactory
40.56,66.97,2.56,17.56,11.42,22.66,0.62,11.29,37.87,0.07,0.11,0.1,76,Satisfactory
37.93,67.4,3.85,20.86,14.32,19.44,0.78,8.91,34.81,0.07,0.17,0.14,68,Satisfactory
31.64,69.39,2.6,18.65,11.86,24.14,0.66,9.58,39.56,0.06,0.07,0.1,75,Satisfactory
35.02,71.42,2.84,21.04,13.5,19.86,0.74,6.28,41.37,0.02,0.03,0.1,80,Satisfactory
24.29,50.33,3.45,13.45,10.13,18.22,0.97,14.1,47.86,0.03,0.07,0.1,81,Satisfactory
26.13,60.44,8.3,22.94,19.06,19.43,0.82,27,30.84,0.03,7.96,12.4,59,Satisfactory
24.08,45.81,8.17,27.49,21.37,18.56,0.84,13.47,27.49,0.03,0.07,0.12,62,Satisfactory
25.88,56.44,6.94,17.79,15.2,15.01,0.84,12.41,27.48,0.04,0.21,0.1,56,Satisfactory
49.7,109.35,8.38,25.91,20.65,17.96,0.76,14.31,46.63,0.05,0.16,0.1,80,Satisfactory
68.66,163.06,11.84,36.24,28.91,26.12,0.86,10.92,28.42,0.09,0.07,,121,Moderate
65.16,184.84,22.45,52.69,46.28,18.53,1.07,25.5,37.46,0.08,0.14,0.1,142,Moderate
52.88,172.08,5.52,26.45,18.96,21.36,0.81,31.74,57.33,0.04,0.05,0.1,154,Moderate
40.99,122.69,4.32,29.54,19.32,17.01,0.6,24.37,44.5,0.06,0.08,0.1,130,Moderate
47.2,116.44,5.83,28.13,19.71,19.97,0.88,16.73,36.92,0.06,0.09,,109,Moderate
39.22,102.6,4.9,24.58,17.06,22.01,0.95,10.6,25.73,0,0.06,0.1,113,Moderate
36.86,76.61,8.26,27.36,21.36,20.86,1.09,9.33,21.11,0.02,0.12,0.14,91,Satisfactory
34.41,72.03,10.35,25.38,22,19.19,1.07,10.8,21.99,0.02,0.19,0.28,77,Satisfactory
22.05,48.93,6.04,18.92,15.15,19.77,0.94,10.51,26.78,0,0.02,,80,Satisfactory
71.31,155.98,11.55,25.88,23.25,14.58,1.29,11.32,34.32,0.06,0.08,,149,Moderate
63.54,130.58,4.41,25.81,17.47,15.53,1.17,19.34,47.53,0.07,0.07,,133,Moderate
56.53,128.8,9.84,36.38,27.43,16.01,1.18,13.43,41.17,0.08,0.15,0.1,122,Moderate
69.42,167.05,1.79,45.82,25.35,14.06,1.35,23.42,39,0.07,0.38,0.14,133,Moderate
53.53,119.1,1.52,38.23,21.54,13.73,0.88,15.52,37.22,0.07,0.28,0.14,133,Moderate
48.33,115.41,1.38,36.77,20.23,15.37,1.16,28.74,37.42,0.08,0.22,0.1,118,Moderate
58.65,125.68,1.23,36.24,20.27,14.82,1.26,14.54,31.09,0.07,0.13,0.13,118,Moderate
21.58,68.71,20.4,39.44,37.67,3.41,0.73,10.43,19.42,0,0.07,0.1,61,Satisfactory
23.22,64.84,20.42,39.56,37.74,2.15,0.89,10.33,21.33,0.01,0.11,0.1,86,Satisfactory
28.39,71.27,11.5,45.23,33.61,0.3,1.04,10.36,35.14,0.01,0.05,,70,Satisfactory
51.51,111.28,20.08,57.93,47.24,2.03,1.07,12.3,26.53,0.04,0.11,0.1,105,Moderate
56.85,115.5,16.11,62.91,46.64,2.73,0.82,18.89,27.44,0.03,0.09,0.1,106,Moderate
68.25,129.41,15.11,65,46.85,3.53,1.22,25.14,30.3,0.08,0.29,0.1,120,Moderate
84.48,164.24,14.25,80.74,54.62,3.19,1.21,30.44,33.39,0.1,0.39,0.25,156,Moderate
77.38,173.47,22.55,75.54,58.58,4.88,1.15,30.69,35.94,0.09,0.29,0.16,182,Moderate
71.23,160.66,15.11,89.44,59.86,3.45,1.48,38.91,32.4,0.12,0.56,0.2,144,Moderate
16.21,48,13.93,43.42,34.5,8.82,0.87,7.51,17.51,0.01,0.07,,64,Satisfactory
19.48,46.57,14.56,35.92,30.95,10.76,0.84,7.49,15.47,0.01,0.07,0.1,56,Satisfactory
85.11,183.15,9.11,97.16,59.17,3.61,1.28,17.17,37.99,0.1,0.23,0.11,189,Moderate
93.95,190.73,19.47,105.22,71.79,3.81,1.81,20.78,39.9,0.11,0.3,0.15,190,Moderate
80.96,152.44,4.73,89.01,51.18,2.95,1.51,15.71,41.41,0.12,0.26,0.11,215,Poor
77.86,159.49,10.69,90.28,56.71,4.66,1.16,14.21,22.45,0.1,0.5,0.13,145,Moderate
70.89,125.4,3.58,68.12,39.14,1.79,1.17,13.87,29.82,0.07,0.44,0.12,160,Moderate
74.34,129.57,4.54,69.78,40.81,3.38,1.09,14.03,33.95,0.09,0.12,0.1,130,Moderate
97.09,143.69,4.09,86.95,49.58,1.52,1.11,13.62,33.03,0.1,0.12,0.12,176,Moderate
100.1,155.25,4.45,92.4,52.76,6.31,0.76,10.86,27.99,0.1,0.11,,209,Poor
110.12,172.67,5.15,92.9,53.61,8.66,1.37,11.12,33.26,0.1,0.05,,256,Poor
111.21,170.04,4.42,76.7,44.4,10.99,1.47,10.17,31.17,0.06,0.06,0.1,266,Poor
107.24,162.72,5.85,72.27,43.16,13.91,1.14,9.58,28.5,0.09,0.04,0.1,276,Poor
89.07,160.83,5.59,72.19,42.93,17.31,1.23,11.7,29.51,0.07,0.05,0.1,218,Poor
90.61,164.19,5.37,74.89,44.2,16.85,1.07,17.68,31.59,0.11,0.3,0.15,180,Moderate
96.57,174.31,3.33,57.77,33.44,18.28,1.1,23.81,39.75,0.11,0.11,0.1,217,Poor
78.15,137.52,3.6,50.62,29.86,20.78,0.96,23.87,26.46,0.07,0.15,,211,Poor
19.26,22.54,2,30.38,17.79,21.15,0.7,10.94,18.91,0,0,,90,Satisfactory
10.89,19.98,2.2,28.6,17.01,22.45,0.45,12.41,17.5,0,0,,49,Good
16.38,33.04,4.77,39.69,24.99,23.12,0.67,44.59,19.12,0,0.01,,46,Good
48.88,84.99,6.61,63.12,38.95,19.24,0.94,29.45,23.97,0.06,0.16,0.11,81,Satisfactory
55.24,81.9,3.65,55.65,32.57,17.93,1.17,13.62,27.34,0.07,0.15,0.1,89,Satisfactory
83.4,121.25,2.86,46.47,27.04,20.01,1,12.32,32.68,0.08,0.21,0.1,136,Moderate
93.78,142.65,5.55,67.51,40.43,19.51,1.34,42.75,29.16,0.1,0.21,0.1,199,Moderate
92.72,135.61,13.43,77.45,52.11,19.49,1.16,20.19,24.79,0.1,0.22,0.11,221,Poor
73.19,127.1,13.43,69.17,47.7,21.66,0.92,25.43,22.5,0.07,0.22,0.1,119,Moderate
82.53,145.06,5.44,67.17,40.16,21.34,1.01,28.57,24.03,0.09,0.19,0.13,153,Moderate
95.18,154.73,4.57,76.4,44.35,15.29,1.34,33.25,30.68,0.1,0.36,0.15,202,Poor
79.29,136.71,4.24,74.24,42.93,15.82,1.1,40.52,28.79,0.09,0.23,0.16,191,Moderate
83.17,140.9,6.56,83.38,49.69,15.16,1.09,30.85,24.84,0.1,0.21,0.11,183,Moderate
109.97,189.28,13.93,124.57,77.59,10.65,1.38,48.92,30.25,0.11,0.25,0.13,210,Poor
139.38,230.27,35.59,140.17,103.49,8.7,1.24,42.26,20.87,0.13,0.58,0.13,304,Hazardous
126.47,187.83,9.48,106.1,64.14,9.27,1.43,15.29,26.24,0.12,0.25,0.1,312,Hazardous
127.94,196.3,6.73,92.41,54.63,11.1,1.33,15.9,28.51,0.11,0.31,0.1,304,Hazardous
126.66,184.73,9.63,94.51,58.1,13.66,1.45,11.75,26.07,0.12,0.22,0.1,306,Hazardous
121.47,215.5,17.24,103.31,68.98,13.63,1.5,16.53,24.55,0.12,0.31,0.1,302,Hazardous
118.17,219.63,36.87,121.38,94.54,11.21,1.25,39.68,21.18,0.1,0.25,0.13,298,Poor
97.45,225.75,12.68,121.94,75.16,10.39,0.86,66.39,27.23,0.09,0.16,0.18,274,Poor
115.23,198.47,14.96,113.39,72.47,7.38,0.78,9.43,20.07,0.11,0.23,0.13,270,Poor
121.81,193.4,11.17,100.16,62.36,8.62,0.96,10.56,24.73,0.1,0.15,0.1,302,Hazardous
99.69,157.03,5.83,71.61,42.84,15.19,0.5,10.52,24.22,0.08,0.08,0.1,257,Poor
92.66,146.49,4.86,57.32,34.44,17.36,0.64,12.33,25.51,0.07,0.18,0.1,212,Poor
116.99,172.92,2.91,58.43,33.44,17.38,0.44,12.91,26.84,0.1,0.12,0.1,256,Poor
120.33,182.65,5.68,60.37,36.74,17.46,1.02,26.39,21.83,0.08,0.14,0.11,301,Hazardous
108.43,159.44,3.49,50.62,29.77,17.97,0.7,6.49,24.73,0.08,0.13,0.1,274,Poor
118,174.01,3.46,58.6,33.99,16.97,0.82,13.73,24.69,0.1,0.18,0.1,262,Poor
107.94,163.17,5.64,63.17,38.2,18.79,0.8,26.75,21.59,0.08,0.15,0.1,287,Poor
108.34,173.27,13.44,61.22,43.49,22.53,0.72,11.71,23.64,0.09,0.13,0.1,262,Poor
96.45,159.1,17.23,71.77,52.18,17.22,0.91,16,22.52,0.07,0.11,0.1,242,Poor
90.25,141.29,7.53,64.26,40.3,18.38,0.55,14.8,25.31,0.06,0.09,,204,Poor
100.34,165.55,20.01,60.14,48.26,20.43,0.85,13.57,24.82,0.06,0.08,0.1,230,Poor
62.75,117.55,4.15,49.18,29.54,21.17,0.55,13.17,28.15,0.02,0.02,,171,Moderate
62.74,108.94,6.36,43.14,28.2,20.36,0.87,11.48,20.37,0.04,0.04,0.1,113,Moderate
51.67,70.71,5.29,55.79,34.06,17.58,1.28,15.66,20.15,0.06,0.12,0.11,91,Satisfactory
54.24,87.78,5.5,56.1,34.39,17.76,0.98,27.99,25.38,0.04,0.05,0.1,96,Satisfactory
47.81,99.22,5.98,65.34,39.69,17.61,1.02,26.84,36.53,0.03,0.08,0.15,111,Moderate
84.99,137.17,5.14,71.78,42.43,12.16,1.39,15.58,47.94,0.07,0.14,0.1,143,Moderate
63.05,111.15,5.4,68.18,40.73,15.31,1.06,13.42,47.46,0.06,0.36,0.11,141,Moderate
71.09,128.56,29.13,85.01,68.98,14.32,1.15,10.68,40.2,0.06,0.1,0.1,130,Moderate
73.21,129.76,3.04,61.14,35.07,15.38,1.11,16.63,62.74,0.08,0.14,0.1,150,Moderate
81.64,146.56,13.08,83.44,55.08,14.61,1.58,12.92,43.18,0.08,0.19,0.1,159,Moderate
81.71,142.46,15.23,74.7,49.36,10.83,1.03,18.7,37.16,0.07,0.09,0.1,178,Moderate
75.52,125.82,7.69,25.85,20.1,10.97,0.74,12.37,32.23,0.05,0.06,0.1,159,Moderate
65.56,128.56,6.38,23.26,17.36,16.81,0.86,16.7,34.16,0.01,0.05,0.14,115,Moderate
70.86,142.17,3.01,28.42,17.6,14.9,0.74,10.43,41.96,0.06,0.1,0.1,121,Moderate
69.96,130.91,15.49,35.52,31.56,16.42,0.84,9.78,37.99,0.05,0.08,0.11,157,Moderate
60.11,101.22,2.29,22.82,13.91,16.94,0.7,6.98,40.95,0.02,0.02,0.1,116,Moderate
38.35,95.79,18.66,21.18,26.51,9.69,0.72,8.3,27.25,0,0.04,0.15,96,Satisfactory
36.92,106.73,26.53,25.18,35.05,10.43,0.64,14.78,30.4,0,0.04,0.1,96,Satisfactory
43.16,149.98,43.76,28.73,50.94,9.94,0.8,9.67,31.72,0.02,0.07,0.11,126,Moderate
42.51,121.35,18.77,24.64,28.36,13.1,0.53,14.5,35.13,0.02,0.05,0.12,131,Moderate
33.88,80.8,3.59,18.86,13.05,14.69,0.51,13.5,30.89,0,0.01,0.1,95,Satisfactory
20.92,49.94,3.23,13.32,9.81,9.1,0.56,15.85,25.36,0,0.01,0.1,60,Satisfactory
49.2,116.27,2.37,16.7,10.86,12.82,0.69,15.37,44.06,0.08,0.18,0.16,120,Moderate
42.1,87.51,1.68,13.22,8.24,13.14,0.57,11.6,44.93,2.25,4.15,0.74,105,Moderate
16.39,53.9,2.15,8.68,6.38,11.34,0.62,10.98,31.2,1.7,4.48,0.42,92,Satisfactory
12.88,59.01,2.82,9.92,7.57,11.03,0.69,12.43,29.66,1.38,5.33,0.54,86,Satisfactory
10.66,47.74,4.02,8.02,7.5,9.45,0.35,12.07,22.33,1.05,4.23,0.34,56,Satisfactory
12.77,50.79,2.6,8.45,6.56,8.86,0.53,14.06,22.67,0.95,3.31,0.29,78,Satisfactory
27,90.58,5.03,15.67,12.51,9.74,0.41,13.33,27.15,1.01,6.81,0.67,74,Satisfactory
32.79,104.04,4.4,17.4,12.91,11.1,0.4,9.21,31.25,0.86,4.9,0.37,97,Satisfactory
39.77,129.33,14.09,24.88,24.78,9.4,0.45,8.16,27.19,1.07,9.76,1.02,107,Moderate
43.78,124.06,6.29,19.29,15.47,9.87,0.64,11.35,29.47,1.03,6.87,0.58,130,Moderate
40.96,101.35,4.18,14.19,11.01,10.37,0.46,7.42,22.03,1.46,5.11,0.44,110,Moderate
40.08,93.9,6.5,14.86,12.92,11.63,0.58,7.89,28.04,1.74,9.37,0.68,98,Satisfactory
22.52,69.14,7.47,13.59,13.38,7.71,0.56,10.99,21.12,1.17,4.07,0.33,101,Moderate
22.09,53.31,2.18,9.6,6.94,6.44,0.68,9.51,29.78,1.87,3.29,0.26,85,Satisfactory
25.39,49.43,2.04,7.75,5.44,7.63,0.7,9.14,32.42,4.88,2.68,2.27,85,Satisfactory
21.71,43.12,1.13,6.24,4.23,7.09,0.5,7.63,36.81,1.7,2.82,0.13,60,Satisfactory
23.56,53.08,2.86,12.03,8.56,5.6,0.53,10.27,29.46,1.18,3.57,0.28,56,Satisfactory
23.68,64.65,9.37,14.63,15.49,5.75,0.53,8.61,29.24,1.4,4.5,0.38,67,Satisfactory
17.99,48.09,2.41,8.02,5.87,6.06,0.47,9.11,29.02,1.46,3.2,0.2,79,Satisfactory
17.03,46.96,2.89,10.15,7.82,5.53,0.5,13.84,21.8,1.51,3.77,0.25,45,Good
20.58,51.83,3.09,9.93,7.87,5.76,0.49,10.38,21.95,1.2,3.07,0.21,53,Satisfactory
24,60.54,2.23,10.84,7.69,7.15,0.54,12.07,32.91,1.09,3.83,0.24,69,Satisfactory
27.44,70.3,3.41,12.49,9.43,6.62,0.54,12.69,28.07,1.18,3.54,0.3,65,Satisfactory
24.11,65.16,2.56,9.81,7.4,6.81,0.45,8.19,30.44,1.08,2.73,0.21,78,Satisfactory
28.43,60.07,1.74,9.49,6.53,8.36,0.56,17.06,42.66,1.26,2.14,0.18,83,Satisfactory
33,72.26,1.11,9.26,5.64,7.66,0.58,16.56,34.64,0.69,3.43,0.22,64,Satisfactory
37.09,70.85,1.55,7.48,4.74,7.56,0.69,12.4,38.42,0.52,3.58,0.15,102,Moderate
30.05,62.5,1.54,8.62,5.72,6.27,0.71,14.7,31.67,1.13,2.43,0.22,92,Satisfactory
20.75,45.07,1.4,5.59,4.08,6.03,0.48,9.15,25.97,1.09,1.72,0.15,58,Satisfactory
13.97,39.04,3.77,7.21,6.99,5.55,0.64,10.24,20.32,1.33,2.13,0.23,76,Satisfactory
18.72,50.84,3.12,6.06,5.7,5.8,0.67,13.03,28.03,1.06,2.11,0.15,78,Satisfactory
22.07,63.47,2.2,5.25,3.94,6.21,0.62,12.96,40.3,0.51,2.03,0.16,91,Satisfactory
19.4,55.83,1.42,7.03,4.48,4.36,0.76,10.88,38.75,0.8,1.6,0.15,124,Moderate
13.49,34.05,1.45,4.2,3.38,4.21,0.57,12.69,22.15,0.69,1.25,0.13,75,Satisfactory
20.68,38.77,1.56,4.48,3.53,4.22,0.63,10.9,26.79,0.71,1.43,0.12,73,Satisfactory
16.52,36.76,1.14,3.14,2.26,4.47,0.61,8.92,39.57,0.67,2.24,0.12,101,Moderate
15.91,33.28,0.46,2.04,0.86,3.7,0.4,13.09,33.05,0.63,1.54,0.12,64,Satisfactory
17.24,43.11,2.53,5.32,4.04,3.95,0.58,14.02,30.87,0.78,2.17,0.16,80,Satisfactory
25.87,89,2.4,9.61,6.54,3.98,0.39,11.84,46.66,0.67,2.74,0.25,85,Satisfactory
15.77,50.12,1.12,6.04,4.03,3.86,0.36,14.45,28.78,0.62,1.37,0.14,80,Satisfactory
23.75,68.9,1.94,11.38,7.46,3.49,0.64,18.42,19.94,0.33,2.13,0.18,84,Satisfactory
25.36,81.59,2.19,20.61,12.25,4.81,0.65,22.54,20.53,0.67,2.07,0.21,79,Satisfactory
32.7,91.22,2.19,17.13,10.91,7.6,0.54,15.71,25.28,0.52,2.02,0.18,91,Satisfactory
20.21,57.8,2.65,13.78,9.52,6.54,0.51,10.6,26.51,0.16,3.11,0.14,79,Satisfactory
11.55,37.66,3.35,13.27,9.6,7.05,0.59,12.58,26.46,0.19,2.64,0.12,82,Satisfactory
9.39,36.94,2.81,12.29,8.89,4.58,0.35,17.07,24.65,0.27,2.25,0.14,45,Good
9.77,35.42,1.48,12.59,7.81,3.34,0.32,21.81,28.75,0.01,2.55,0.14,41,Good
21.38,75.6,2.29,19.85,11.65,4.32,0.48,23.3,39.42,0.39,2.28,0.23,78,Satisfactory
24.68,132.02,8.38,29.05,22.21,3.97,0.58,16.03,23.73,0.41,3.95,0.48,124,Moderate
17.58,59.05,2.68,18.08,11.89,4.04,0.48,12.66,27.14,0.25,2.73,0.21,73,Satisfactory
28.05,84.5,4.67,18.74,13.85,6.85,0.48,12.78,25.81,0.24,1.43,0.13,71,Satisfactory
27.98,79.71,2.79,18.31,12.1,8.01,0.51,8.71,34.54,0.19,1.79,0.13,79,Satisfactory
23.32,70.68,1.97,16.88,10.58,5.65,0.66,16.4,34.16,0.38,1.13,0.11,78,Satisfactory
15.52,46.14,2.16,15.11,9.79,4.67,0.42,13.67,23.72,0.11,1.33,0.18,57,Satisfactory
12.11,40.82,2.1,15.46,9.94,4.07,0.31,12.72,23.43,0.06,1.73,0.13,46,Good
19.03,60.71,1.99,19.23,11.85,4.84,0.4,13.57,35.2,0.05,1.84,0.18,58,Satisfactory
27.18,93.8,2.87,23.54,14.82,3.53,0.64,26.8,38.05,0.45,2.85,0.27,83,Satisfactory
38.9,111.93,1.76,27.29,16.03,3.52,0.98,16.06,56.99,0.57,3.44,0.37,109,Moderate
57.73,211.34,3.54,35.92,21.98,5.61,0.78,16.59,58.87,0.7,5.18,0.51,148,Moderate
44.49,163.62,1.17,22.32,12.89,7.12,0.53,16.97,67.99,0.35,2.22,0.38,158,Moderate
39.76,152.97,1.12,23.24,13.25,6,0.52,15.33,69.15,0.35,1.97,0.18,146,Moderate
47.3,136.76,1.53,20.22,12.09,7.92,0.64,22.25,68.43,0.3,2.17,0.15,133,Moderate
39.81,138.9,1.14,18.58,10.81,7.81,0.44,13.03,51.98,0.14,1.37,0.12,122,Moderate
49.19,155.58,0.95,26.89,13.92,4.26,0.77,25.9,73.55,0.48,4,0.2,126,Moderate
40.38,112.93,1.4,24.31,13.78,5.75,0.7,30.4,74.3,0.34,2.48,0.18,131,Moderate
44.65,114.79,1.63,19.79,12,7.06,0.63,19.26,54.72,0.34,2.48,0.12,124,Moderate
35.5,98.4,1.74,19.29,11.72,6.98,0.59,17.83,49.82,0.33,1.68,0.12,106,Moderate
34.12,88.79,1.7,19.98,12.12,6.69,0.7,24.2,42.21,0.14,1.32,0.11,109,Moderate
41.62,95.91,1.93,20.32,12.54,4.91,0.53,21.47,43.36,0.23,2.08,0.12,92,Satisfactory
43.1,96.34,2,21.71,13.26,5.96,0.67,24.72,42.13,0.31,1.77,0.16,88,Satisfactory
35.3,89.42,0.8,17.33,9.84,4.32,0.47,17.09,44.47,0.06,1.16,0.11,95,Satisfactory
40.35,94.6,0.91,18.93,10.8,4.17,0.53,23.95,45.97,0.06,1.32,0.11,93,Satisfactory
32.33,78.4,1.83,19.42,11.91,4.01,0.61,21.27,34.54,0.15,1.24,0.11,104,Moderate
24.95,74.2,1.86,20.68,12.51,3.36,0.49,16.73,19.84,0.1,1.17,0.14,80,Satisfactory
30.42,76.95,1.27,16.96,10.05,3.25,0.72,13.67,30.35,0.21,1.02,0.11,99,Satisfactory
36.5,84.57,1.5,17.83,10.77,3.8,0.63,14.71,37.15,0.17,1.46,0.11,99,Satisfactory
40.04,98.75,1.7,17.31,10.2,4.07,0.89,18.61,48.85,0.21,1.82,0.11,108,Moderate
40.51,99.45,0.71,16.93,9.55,3.35,0.51,14.62,54.63,0.14,1.55,0.14,99,Satisfactory
38.88,86.09,1.31,18,10.69,4.51,0.47,13.86,51.56,0.14,1.27,0.11,106,Moderate
36.31,77.21,1.47,18.03,10.88,4.47,0.52,17.79,42.23,0.14,1.09,0.11,85,Satisfactory
38.7,82.24,1.45,16.29,9.94,4.22,0.48,15.76,42.04,0.14,1.06,0.11,83,Satisfactory
33.52,79.78,2.11,26.44,15.85,3.85,0.57,19.96,45.17,0.23,2.96,0.15,83,Satisfactory
36.8,75.96,0.97,17.39,10.05,4.06,0.51,14.55,48.97,0.03,1.06,0.12,74,Satisfactory
41.89,99.66,1.66,22.98,13.65,4.84,0.77,17.7,39.43,0.16,1.62,0.19,103,Moderate
41.47,90.61,0.72,18.25,10.27,4.59,0.5,16.21,54.72,0.05,1.29,0.13,101,Moderate
31.52,73.42,1.39,20.17,11.91,4,0.45,18.1,43.53,0.13,1.09,0.13,80,Satisfactory
39.73,104.78,1.54,27.54,15.99,3.61,0.95,17.17,42.88,0.17,2.37,0.24,107,Moderate
36.24,84.55,0.66,19.93,10.94,4.56,0.46,21.35,54.64,0.06,1.09,0.11,91,Satisfactory
24.16,59.22,1.81,26.79,9.83,12.18,0.53,26.62,41.27,0.28,1.46,0.16,78,Satisfactory
23.12,57.48,1.52,24.2,13.97,5.86,0.52,23.46,56.71,0.15,1.38,0.12,65,Satisfactory
31.95,71.15,2.87,26.2,16.27,7.52,0.58,17.18,55.48,0.03,1.32,0.14,71,Satisfactory
26.02,66.47,0.73,20.95,11.65,5.5,0.52,15.99,75.1,0.07,1.06,0.12,90,Satisfactory
22.19,63.59,2.62,25.07,15.42,5.06,0.5,18.35,62.52,0.13,1.19,0.18,78,Satisfactory
13.91,48.33,3.61,24.16,15.86,4.78,0.37,14.02,44.59,0.08,1.26,0.12,61,Satisfactory
11.81,43.2,5,29.99,20.12,4.69,0.34,13.82,41.43,0.09,1.65,0.13,50,Good
10.02,31.73,4.88,33.11,21.72,3.35,0.49,17.28,38.1,0.2,2.31,0.1,42,Good
9.55,31.71,3.23,24.02,15.47,2.09,0.36,16.48,32.84,0.27,1.13,0.12,38,Good
17.42,69.93,1.53,18.88,11.36,3.49,0.38,14.79,38.49,0.08,0.96,0.2,54,Satisfactory
19.25,71.73,0.8,18.26,10.36,2.01,0.31,9.68,47.37,0.22,1.39,0.1,75,Satisfactory
23.99,66.09,3.71,28.19,18.1,4.94,0.49,14.94,30.27,0.18,3.67,0.18,72,Satisfactory
23.62,68.06,7.98,36.52,26.01,2.85,0.46,13.66,30.54,0.27,3.55,0.44,59,Satisfactory
21.28,72.04,2.87,27.95,16.23,4.57,0.44,18.83,38.25,0.27,3.08,0.19,77,Satisfactory
14.03,40.6,3.87,25.45,16.74,4.45,0.45,18.94,34.87,0.28,1.73,0.14,59,Satisfactory
17.9,39.22,2.87,29.14,17.92,4.79,0.57,16.39,32.98,0.18,2.02,0.15,42,Good
17.07,40.3,1.54,25.75,15.04,5.54,0.5,16.01,36.19,0.04,1.81,5.99,46,Good
13.45,34.6,1,24.16,13.66,4.77,0.46,14.9,40.53,0.06,1.31,0.2,48,Good
15.93,32.7,1.43,20.53,12.15,5.4,0.43,16.53,42.92,0.11,1.04,0.11,53,Satisfactory
19.8,34.77,2.36,30.66,18.32,4.41,0.76,14.36,38.26,0.08,2.31,0.28,78,Satisfactory
21.45,38.36,4.83,36.24,23.3,4.23,0.73,17.88,24.68,0.08,2.16,0.31,74,Satisfactory
12.45,30.36,3.08,26.62,16.74,3.09,0.53,17.43,27.85,0.1,1.04,0.17,70,Satisfactory
9.57,26.83,2.1,22,13.49,3.36,0.36,19.5,32.37,0.07,0.44,0.1,42,Good
8.23,21.73,1.72,20.71,12.5,2.82,0.32,18.01,32.91,0.05,0.23,,40,Good
11.55,25.16,1.2,22.16,12.76,2.1,0.35,17,40.21,0.03,0.41,0.1,46,Good
13.4,23.95,4.39,29.37,19.27,2.9,0.42,16.27,29.58,0.11,0.91,0.24,39,Good
12.05,24.42,6.49,29.88,21.26,2.4,0.59,13.78,23.41,0.07,0.72,0.12,66,Satisfactory
14.54,32.83,7.23,30.62,22.26,2.68,0.61,12.6,27.29,0.09,0.67,0.1,68,Satisfactory
8.4,21.46,11.11,30.36,25.27,2.7,0.57,14.32,26.69,0.27,0.83,0.16,68,Satisfactory
10.31,22.14,8.27,25.22,20.23,2.46,0.62,16.24,22.99,0.23,1.38,0.59,70,Satisfactory
13.91,38.67,2.55,18,11.62,3.43,0.58,18.86,26.64,0.21,0.49,0.16,72,Satisfactory
15.17,40.56,0.93,18.2,10.43,1.28,0.39,23.12,30.24,0.09,0.56,0.16,43,Good
13.1,34.85,2.64,22.88,14.4,1.91,0.33,17.88,25.83,0.17,0.97,0.17,35,Good
11.3,31.96,4.61,23.47,16.32,1.62,0.28,17.09,27.47,0.11,0.82,0.15,37,Good
13.03,29.59,5.45,25.64,18.15,2.13,0.51,20.09,32.1,0.15,1.14,0.11,75,Satisfactory
11.17,25.03,5.24,26.2,18.29,2.44,0.34,23.89,26.88,0.2,1.2,0.11,40,Good
11.65,27.15,5.28,22.68,16.42,2.06,0.56,22.58,25.94,0.15,2.15,0.18,70,Satisfactory
17.22,34.78,1.25,4.58,3.13,3.6,0.42,14.79,36.77,0.2,1.3,0.25,48,Good
12.68,20.52,0.74,3.7,2.34,2.84,0.4,15.89,31.62,0.03,0.56,0.17,41,Good
10.73,22.63,2.92,9.95,7.26,2.99,0.36,16.35,32.13,0.12,1.45,0.22,48,Good
14.44,40.44,4.68,17.05,12.96,2.72,0.47,15.46,27.69,0.18,2.6,0.29,39,Good
21.86,56.69,4.74,19.35,14.24,5.9,0.45,19.19,31.87,0.44,16.07,0.39,55,Satisfactory
16.18,39.97,3.29,16.01,11.13,5.05,0.43,12.93,35.8,0.18,2.28,0.21,53,Satisfactory
22.28,42.15,2.14,13.16,8.82,6.07,0.54,20.51,33.08,0.08,1.4,0.26,46,Good
11.14,18.23,1.11,5.65,3.93,5.5,0.44,13.82,37.65,0.05,1.13,0.26,47,Good
14.72,22.46,1.25,4.64,3.56,4.81,0.49,9.71,34.63,0.03,0.98,0.18,45,Good
12.89,26.39,2.53,9.64,7.23,4.25,0.5,15.68,29.49,0.09,1.26,0.2,39,Good
13.53,23.73,8.56,12.71,13.79,3.87,0.42,15.77,22.09,0.09,0.98,0.16,35,Good
7.48,15.84,4.57,10.04,8.96,3.4,0.38,12.51,20.01,0.09,0.96,0.15,35,Good
12.52,30.89,1.4,3.94,2.89,3.12,0.55,14.14,22.33,0.13,0.94,0.16,65,Satisfactory
13.25,37.61,0.65,2.08,1.4,2.17,0.33,12.58,22.05,0,0.38,0.1,36,Good
10.89,26.77,5.81,11.39,9.53,2.47,0.56,21.15,19.61,0.1,0.84,0.15,68,Satisfactory
8,22.87,5.36,10.03,9.41,1.87,0.31,14.72,22.5,0.19,0.98,0.13,28,Good
10.62,26.84,2.17,4.4,4.19,2.59,0.38,11.66,24.46,0.2,0.88,0.11,29,Good
8.71,21.35,1.77,4.43,3.76,2.43,0.39,13.83,20.11,0.06,0.5,0.21,34,Good
6.85,13.3,1.61,1.52,1.86,2.44,0.46,13.29,18.07,0.04,0.26,0.1,68,Satisfactory
9.31,19.98,1.48,3.35,2.36,4.4,0.32,11.83,20.23,0.09,0.36,0.1,24,Good
9.09,18.33,1.68,4.02,3.51,6.13,0.34,10.88,23.92,0.19,0.4,,27,Good
7.53,24.18,2.74,6.1,5.55,6.38,0.34,26.08,26.62,0.35,0.49,0.1,31,Good
6.89,13.83,2.96,6.48,5.95,6.28,0.34,13.35,21.06,0.06,0.61,0.12,32,Good
7.35,18.12,3.22,6.38,6.1,6.23,0.46,11.57,21.64,0.22,0.5,0.1,66,Satisfactory
7.45,19.56,3.47,7.66,6.99,6.31,0.27,11.94,22.68,0.29,0.5,0.1,27,Good
10.88,30.31,3.17,10.11,8.05,6.98,0.41,11.86,22.62,0.12,1.08,0.16,32,Good
13.49,37.83,2.45,7.57,6.12,7.17,0.5,19.01,27.18,0.29,0.78,0.28,70,Satisfactory
16.6,47.35,2.07,6.74,5.37,6.66,0.6,15.64,31.28,0.28,0.94,0.14,76,Satisfactory
18.19,43.56,1.89,7.45,5.5,6.45,0.32,12.44,25.4,0.37,0.73,,49,Good
24.56,47.61,2.23,9.16,6.49,14.56,0.58,18.9,33.97,0.19,1.87,0.52,51,Satisfactory
15.75,34.12,2.8,9.34,7.33,12.08,0.4,28.32,36.06,0.16,1.66,0.17,49,Good
17.54,31.8,2.74,9.58,7.48,13.57,0.42,20.69,28.25,0.28,3.35,0.12,40,Good
15.8,44.75,3.71,12.43,9.71,14.64,0.62,11.3,36.47,0.12,0.95,0.23,92,Satisfactory
14.98,36.58,4.5,13.97,11.18,15.31,0.47,14.17,29.78,0.12,0.75,0.14,47,Good
10.11,23.08,23.03,14.19,14.12,24.24,0.45,16.84,23.09,0.13,0.99,0.13,37,Good
23.31,39.09,2.21,12.18,8.29,17.46,0.55,18.77,31.69,0.05,1.04,0.3,50,Good
27.63,44.01,3.3,11.48,8.92,17.92,0.89,18.89,31.23,0.15,1.48,0.26,78,Satisfactory
21.05,31.3,5.93,14.29,12.62,11.94,0.7,12.85,24.81,0.16,2.59,0.27,45,Good
18.12,33.96,5.09,11.78,10.49,12.69,0.46,14.24,17.41,0.12,2.45,0.54,43,Good
7.09,24.44,2.65,7.41,6.2,10.75,0.65,13.87,29.37,0.14,1.13,0.27,72,Satisfactory
7.08,21.25,3.19,7.96,6.83,9.64,0.45,13.99,26.75,0.05,1.45,0.37,46,Good
9.79,26.48,3.35,11.9,9.14,8.4,0.65,14.02,30.06,0.08,1.85,0.39,74,Satisfactory
32.29,56.07,2.67,12.02,8.66,12.43,0.72,15.53,47.76,0.37,4.97,0.46,55,Satisfactory
40,67.65,3.08,13.18,9.6,12.31,0.64,15.3,51.95,0.34,4.49,0.32,72,Satisfactory
19.31,36.71,5.32,13.02,11.34,10.32,0.52,11.22,28.81,0.26,4.8,0.42,51,Satisfactory
9.48,25.78,3.47,11.3,8.92,9.41,0.58,12.14,27.95,0.13,2.5,0.32,43,Good
13.78,24.72,3.08,10.61,8.24,10.25,0.47,11.83,29.61,0.21,3.14,0.24,41,Good
8.12,21.82,1.93,7.85,5.75,8.66,0.53,11.39,34.36,0.08,2,0.18,52,Satisfactory
9.99,25.65,3.25,12.56,9.33,8.36,0.72,8.72,29.54,0.2,3.97,0.22,72,Satisfactory
9.29,20.41,8.72,16.43,15.93,7.32,0.59,11.26,25.66,0.25,2.18,0.28,44,Good
11.75,23.54,3.84,13.51,10.4,8.03,0.72,10.68,23.48,0.15,1.74,0.16,71,Satisfactory
7.14,23.73,4.15,11.84,9.76,7.79,0.5,8.21,28.73,0.19,1.11,0.23,40,Good
7.53,26.41,3.75,10.7,8.83,7.21,0.46,5.29,25.04,0.14,1.46,0.16,39,Good
11.82,27.75,3.59,11.1,8.92,7.35,0.72,9.54,24.82,0.2,3.1,0.22,69,Satisfactory
18.57,36.29,3,9.97,7.46,8.32,0.76,14.66,22.53,0.23,3.37,0.22,49,Good
38.32,53.68,3.85,9.76,8.42,7.89,0.55,18.55,30.26,0.24,2.71,0.17,67,Satisfactory
19.51,39.12,3.98,13.01,10.25,8.33,0.65,15.46,29.36,0.22,3.84,0.24,48,Good
18.54,35.57,6.02,13.63,12.23,8.18,0.62,12.08,28.76,0.2,2.33,0.22,48,Good
12.01,28.41,7.47,13.82,13.43,6.44,0.64,11.34,25.6,0.27,4.01,0.29,45,Good
12.95,35.12,6,13.44,12.11,6.68,0.58,12.65,31.2,0.17,2.21,0.2,64,Satisfactory
18.41,39.48,7.8,11.45,12.51,7.12,0.6,11.51,31.08,0.16,1.6,0.16,49,Good
42.98,74.55,5.08,15.53,12.48,9.29,0.67,12.3,45.78,0.31,2.35,0.18,74,Satisfactory
56.76,101.39,4.62,20.7,14.85,10.74,0.68,17.89,41.87,0.44,5.99,0.21,94,Satisfactory
78.45,137.41,6.19,26,19.23,11.21,0.82,29.06,42.11,0.59,5.45,0.28,122,Moderate
89.53,148.15,4,22.79,15.39,13,0.89,20.75,42.72,0.79,9.7,0.27,190,Moderate
85.95,135.44,4.35,24.78,16.8,13.37,1.04,15.74,47.62,0.58,5.05,0.22,198,Moderate
81.5,128.86,3.06,20.13,13.3,13.9,0.93,21.32,52.53,0.46,4.72,0.17,174,Moderate
77.93,128.41,2.23,14.09,9.4,13.92,0.75,20.18,58.79,0.59,4.45,0.19,168,Moderate
51.46,82.75,1.84,12.24,8.01,11.48,0.64,11.75,44.89,0.49,2.46,0.12,126,Moderate
39.26,68.41,2.81,16.23,10.92,10.87,0.67,10.97,39.44,0.33,2.9,0.11,77,Satisfactory
37.5,69.2,4.33,20.42,14.47,10.74,0.91,11.84,34.42,0.22,2.58,0.16,94,Satisfactory
45.41,76.67,2.6,14.75,10.05,10.82,0.64,13.6,50.03,0.26,4.34,0.1,73,Satisfactory
50.33,91.06,3.02,16.68,11.42,10.46,0.93,10.82,59.48,0.36,2.64,0.24,101,Moderate
60.86,97.67,2.41,13.27,9.11,10.84,0.8,15.36,60.81,0.28,3.78,0.11,100,Satisfactory
64.88,104.25,2.5,15.42,10.32,11.54,1.04,15.4,47.96,0.35,4.66,0.17,115,Moderate
63.97,109.47,2.43,18.14,11.62,11.38,0.83,22.37,37.65,0.21,4.76,0.12,127,Moderate
42.45,72.25,2.7,14.32,9.89,10.74,0.81,15.71,37.44,0.16,2.7,0.14,90,Satisfactory
62.31,89.89,2.51,14.9,10.06,12.77,1,16.91,49.95,0.22,1.34,0.18,98,Satisfactory
80.27,113.24,2.34,12.84,8.83,13.44,0.79,14.86,60.68,0.31,1.85,0.12,162,Moderate
63.19,97.39,2.34,13.46,9.15,11.1,0.98,12.61,65.38,0.48,2.41,0.1,141,Moderate
53.15,87.02,2.74,15.54,10.58,9.58,0.65,7.74,55.76,0.6,12.8,0.11,94,Satisfactory
63.39,100.23,2.4,15.36,10.21,11.13,0.71,12.64,48.1,0.63,6.28,0.17,97,Satisfactory
76.12,111.89,1.96,16.19,10.21,11.83,0.83,13.3,51.68,0.66,8.57,0.17,136,Moderate
83.5,121.3,2.75,15.78,10.74,13.62,0.81,14.34,61.97,0.56,4.21,0.14,167,Moderate
79.85,124.9,2.61,16.51,10.24,13.29,1.15,17.76,62.87,0.73,3.13,0.16,174,Moderate
68.76,109.47,2.82,21.1,13.61,11.88,0.92,19.3,55.76,0.71,6.18,0.2,151,Moderate
57.83,88.67,2.46,14.13,9.61,10.05,0.78,15.1,51.67,0.4,2.13,0.15,121,Moderate
35.69,63.76,2.11,14.42,9.39,9.11,0.67,14.59,43.35,0.49,8.64,0.14,78,Satisfactory
55.2,86.24,2.55,12.3,8.72,11.27,0.81,18.46,44.15,0.21,4.76,0.1,79,Satisfactory
65.14,106.58,2.68,16.03,10.7,15.72,0.95,9.83,43.92,0.15,2.41,,94,Satisfactory
55.72,86.96,2.85,13.9,9.8,14.4,0.7,10.3,42.3,0.21,1.95,0.1,98,Satisfactory
63.99,97.97,2.93,14.49,10.18,17.28,0.72,14.19,43.47,0.28,2,0.1,100,Satisfactory
77.57,114.45,3.06,14.81,10.46,20.71,0.83,14.99,56.45,0.36,1.69,0.11,156,Moderate
82.76,122.21,3.15,22.64,14.7,18.82,0.78,29.74,55.26,0.85,8.1,0.14,160,Moderate
90.54,132.55,3.23,23.89,15.42,16.04,1,19.16,63.55,0.73,6.25,0.1,185,Moderate
61.25,98.77,3.05,19.42,12.92,12.59,0.95,17.57,60.61,0.86,7.98,,174,Moderate
36.75,63.62,2.46,12.29,8.54,11.52,0.56,12.2,42.28,0.18,2.81,,79,Satisfactory
24.96,49.69,4.02,15.4,11.55,10.42,0.52,13.35,37.78,0.24,7.47,,61,Satisfactory
39.12,69.06,5.93,24.73,17.97,14.14,0.77,10.8,34.82,0.71,8.37,0.13,83,Satisfactory
51.44,82.17,4.9,22.53,15.96,13.61,0.68,12.58,36.02,0.76,4.92,0.16,86,Satisfactory
38.89,66.08,3.95,18.7,13.15,13.46,0.62,10.22,36.73,0.88,12.73,0.15,72,Satisfactory
35.8,62.14,3.3,16.11,11.24,16.42,0.62,12.83,39.73,0.49,4.63,0.12,66,Satisfactory
39.06,63.53,2.22,13.1,8.77,14.38,0.55,13.87,41.66,0.44,12.72,0.1,64,Satisfactory
47.53,79,2.62,17.58,11.48,13.85,0.65,17.05,41.13,0.66,10.29,0.19,73,Satisfactory
46.6,78.44,4.18,17.93,12.93,14.81,0.62,18.96,43.5,0.59,6.47,0.18,76,Satisfactory
67.15,107.1,4.36,25.62,17.18,19.74,0.84,12.22,47.84,1.2,9.82,0.25,96,Satisfactory
66.82,105.01,2.43,17.15,11.09,19.94,0.75,12.67,53.85,1.3,12.96,0.23,137,Moderate
83.16,120.25,2.51,17.41,11.31,23.06,0.76,17.03,49.59,1.33,14.69,0.13,138,Moderate
79.92,119.82,2.56,19.92,12.69,20.43,0.9,23.63,43.53,0.87,3.69,0.15,188,Moderate
83.64,118.52,1.83,15.67,9.82,19.48,0.84,16.5,50.47,0.94,4.12,0.12,166,Moderate
72.34,103.82,1.6,13.46,8.46,18.4,0.71,17.81,56.41,0.75,5.72,0.11,162,Moderate
72.99,104.91,1.88,13.46,8.68,17.61,0.69,11.56,57.63,0.93,4.69,0.12,147,Moderate
76.56,115.06,1.87,14.77,9.37,16.52,0.82,14.21,56.77,0.98,5.28,0.11,138,Moderate
84.51,120.22,1.73,13.16,8.41,14.6,0.95,17.69,54,1.19,3.31,0.12,194,Moderate
50.52,81.46,2.37,14.79,9.79,13.24,0.59,13.86,32.95,0.89,2.1,0.12,114,Moderate
41.79,73.58,3.48,17.65,12.21,13.75,0.63,14.1,29.21,0.74,2.45,0.13,77,Satisfactory
57.09,88.15,2.19,15.8,10.17,15.74,0.78,9.56,35.44,0.92,2.46,0.12,79,Satisfactory
74.45,110.95,1.54,12.5,7.89,16.66,0.75,19.09,59.61,1.04,2.28,0.15,133,Moderate
59.42,90.44,1.63,12.73,8.09,14.39,0.92,20.55,63.08,0.87,6.68,0.15,131,Moderate
49.5,80.8,1.67,12.64,8.05,14.44,0.64,17.14,64.8,0.7,1.44,0.11,87,Satisfactory
59.64,88.85,1.67,12.12,7.81,14.99,0.77,17.53,57.26,0.89,3.38,0.12,96,Satisfactory
42.46,65.39,1.72,12.17,7.87,14.75,0.73,17.09,55.17,0.79,2.12,0.11,82,Satisfactory
39.07,62.93,1.81,13.53,8.67,14.43,0.69,22.14,43.7,0.77,3.4,0.17,76,Satisfactory
22.79,38.35,2.27,18.79,11.83,14.34,0.64,19.87,23.59,0.6,5.88,0.24,47,Good
37.81,56.66,1.73,12.98,8.31,20.69,0.63,14.68,36.53,0.6,1.94,0.14,55,Satisfactory
38.82,61.4,1.9,11.64,7.75,21.22,0.65,18.74,48.53,0.58,1.28,0.11,66,Satisfactory
69.49,97.7,1.95,12.04,8,20.46,0.68,17.89,59.37,0.71,1.24,0.1,109,Moderate
53.32,75.4,1.81,11.47,7.58,16.98,0.64,15.37,53.9,0.55,1,0.1,103,Moderate
37.23,62.09,1.83,13.23,8.52,15.63,0.53,13.54,46.31,0.5,0.92,0.11,78,Satisfactory
51.22,84.62,3.18,21.49,14.02,17.07,0.67,20.19,36.26,0.85,4.41,0.21,70,Satisfactory
66.57,100.98,1.91,16.47,10.31,18.55,0.76,18.45,37.24,0.65,2.92,0.19,110,Moderate
78.28,109.42,2.34,16.82,10.84,18.62,0.8,24.75,47.01,0.74,3.26,0.12,147,Moderate
85.67,121.55,2.61,20.64,13.1,20.95,0.95,32.97,47.84,1.08,5.83,0.22,177,Moderate
82.66,111.92,1.62,14,8.76,19.57,0.85,17.11,56.49,0.91,1.78,0.13,168,Moderate
68.4,90.93,1.72,11.06,7.27,19.03,0.76,18.33,48.09,0.79,1.9,0.13,163,Moderate
56.44,75.95,1.57,10.33,6.65,21.41,0.64,9.86,47.51,0.52,2.58,0.1,108,Moderate
45.81,66.69,2.1,11.52,7.83,15.1,0.66,15.86,44.3,0.52,1.06,0.1,82,Satisfactory
31.59,51.42,2.23,8.68,6.43,12.88,0.6,12.33,35.43,0.23,0.95,0.1,60,Satisfactory
36.62,58.14,2.01,10.43,7.18,13.99,0.69,16.57,35.86,0.26,0.79,0.1,58,Satisfactory
31.22,57.33,3.69,16.9,11.99,14.42,0.63,14.64,33.25,0.38,1.44,0.14,62,Satisfactory
29.88,55.3,4.31,15.62,11.81,16.82,0.63,14.09,35.92,0.41,1.34,0.14,63,Satisfactory
37.56,65.26,2.86,14.76,10.17,17.54,0.65,14.71,41.22,0.37,1.33,0.11,63,Satisfactory
59.33,93.3,3.08,17.94,12.04,18.24,0.75,18.29,40.9,0.43,1.41,0.15,87,Satisfactory
61.4,96.6,2.53,15.34,10.21,18.05,0.73,23.54,43.29,0.69,2.14,0.14,101,Moderate
51.18,76.33,1.67,11.66,7.55,18.53,0.64,18.69,46.21,0.49,0.9,0.1,98,Satisfactory
38.39,63.99,2.48,15.39,10.2,16.55,0.61,20,36.83,0.46,1.14,0.15,77,Satisfactory
34.56,62.65,2.89,16.51,11.14,17.89,0.57,19.73,44.57,0.42,0.92,0.13,74,Satisfactory
33.62,60.66,2.5,14.78,9.89,16.7,0.52,20.29,36.88,0.32,0.61,0.12,65,Satisfactory
29.98,51.68,2.24,9.21,6.72,17.48,0.52,12.76,32.35,0.23,0.36,0.11,59,Satisfactory
32.18,60.01,2.65,13.11,9.13,15.9,0.55,15.43,36.9,0.31,0.65,0.1,59,Satisfactory
26.72,53.9,3.71,15.53,11.29,15.51,0.49,19.06,32.28,0.34,0.8,0.12,66,Satisfactory
21.22,43.36,2.75,12.12,8.68,13.05,0.45,18.25,31.33,0.24,0.49,0.12,52,Satisfactory
19.94,42.27,2.1,10.35,7.22,13.25,0.47,13.38,31.97,0.26,0.91,0.13,47,Good
24.44,47.41,3.38,12.27,9.27,14.49,0.54,15.16,30.12,0.36,0.95,0.17,48,Good
27.24,49.64,3.19,14.18,10.14,14.24,0.52,16.38,32.33,0.36,0.82,0.17,54,Satisfactory
25.74,46.38,2.92,11.44,8.46,15.08,0.52,19.32,36.58,0.33,0.67,0.13,54,Satisfactory
20.12,42.08,4.32,14.78,11.37,14,0.52,15.01,27.59,0.38,1.08,0.17,47,Good
16.85,37.38,2.13,9.88,6.98,14.69,0.44,18.3,36.72,0.18,0.33,0.13,44,Good
22.46,41.78,1.94,10.81,7.33,15.98,0.38,20.25,35.46,0.23,0.33,0.1,45,Good
38.73,63.42,2.15,16.17,10.34,15.89,0.62,17.41,35.62,0.69,2.28,0.17,51,Satisfactory
36.26,56.64,2.36,14.25,9.51,18.78,0.53,17.68,46.43,0.58,1.45,0.12,65,Satisfactory
45.14,73.27,2.37,13.84,9.3,18.61,0.6,18.99,53.62,0.64,1.74,0.14,70,Satisfactory
59.61,94.82,2.4,17.03,11.02,19.76,0.67,21.32,55.77,0.74,3.79,0.13,86,Satisfactory
61.24,99.2,3.15,25.9,16.33,20.39,0.64,34.59,46.13,0.73,2.66,0.21,110,Moderate
43.11,76.55,2.24,16.21,10.44,18.22,0.52,23.05,46.64,0.45,1.41,0.13,87,Satisfactory
64.53,110.64,2.58,23.25,14.46,21.25,0.78,27.95,53.69,1.01,5.19,0.37,103,Moderate
37.53,64.2,1.97,14.1,9.09,21.98,0.44,15.75,40.59,0.41,1.1,0.14,88,Satisfactory
29.12,54.82,3.8,14.06,10.57,18.64,0.44,19.12,41.62,0.39,1.15,0.14,66,Satisfactory
31.68,62.23,2.77,14.53,9.98,18.14,0.48,20.98,37.94,0.46,1.51,0.18,66,Satisfactory
40.98,69.15,2.22,14.6,9.58,19.11,0.46,18.62,39.9,0.33,0.97,0.14,65,Satisfactory
49.1,74.88,2.17,12.98,8.68,17.4,0.44,17.74,49.28,0.31,0.67,0.14,77,Satisfactory
35.92,61.83,1.79,11.83,7.74,13.53,0.47,16.2,42.11,0.38,1.02,0.16,74,Satisfactory
27.13,54.16,1.78,12.98,8.34,10.6,0.48,20.2,39.74,0.49,6.94,0.13,60,Satisfactory
34.81,62.43,1.99,14.44,9.3,12.6,0.77,13,44.47,0.44,2.7,0.15,82,Satisfactory
31.66,53.22,1.94,9.29,6.53,14.42,0.62,15.94,46.68,0.18,1.19,0.12,68,Satisfactory
24.86,47.43,2.38,10.73,7.64,12.94,0.61,16.73,39.9,0.22,0.5,0.12,53,Satisfactory
31.28,59.42,2.46,13.15,8.99,15.78,0.81,19.56,40.48,0.43,1.57,0.18,78,Satisfactory
38.85,67.95,2.65,13.49,9.33,14.82,0.86,22.27,43.97,0.28,1.8,0.16,73,Satisfactory
31.99,57.18,2.22,10.99,7.67,14,0.66,23.6,51.47,0.43,1.47,0.11,68,Satisfactory
35.99,59.72,1.87,10.24,6.96,13.49,0.52,18.21,51.81,0.32,0.83,0.12,65,Satisfactory
32.99,56.46,1.68,8.29,5.77,12.67,0.48,19.32,52.32,0.26,0.5,0.13,67,Satisfactory
39.84,62.14,2.35,11.69,8.11,12.86,0.56,24.7,49.09,0.25,0.63,0.17,67,Satisfactory
40.19,64.95,2.55,10.71,7.77,12.84,0.58,22.82,45.68,0.27,0.64,0.14,70,Satisfactory
35.95,59.47,2.76,12.61,8.95,12.21,0.55,17.88,38.71,0.28,0.69,0.12,66,Satisfactory
20.14,31.66,2.18,7.85,5.94,10.82,0.49,18.35,26.21,0.13,0.32,0.1,47,Good
19,31.65,1.94,5.45,4.48,10.31,0.48,17.86,29.66,0.14,0.18,,36,Good
14.26,24.49,2.46,6.19,5.28,10.4,0.52,12.13,26.65,0.13,0.29,0.1,35,Good
10.28,22.95,2.09,8.15,6.03,8.47,0.49,29.5,24.62,0.1,0.42,0.1,35,Good
12.37,22.79,3.17,9.77,7.78,9.65,0.54,18.18,19.25,0.09,0.69,0.1,42,Good
10.63,22.11,2.43,7.78,6.12,9.32,0.46,25.19,24.48,0.09,0.56,0.1,35,Good
11.08,19.3,2.13,5.99,4.92,8.81,0.48,20.86,23.99,0.03,0.33,,35,Good
12.73,24.73,2.25,5.62,4.83,10.53,0.49,17.37,25.1,0.01,0.26,,38,Good
18.17,33.52,2.24,5.74,4.88,9.23,0.45,14.83,25.04,0.02,0.24,,35,Good
23.78,44.16,1.98,8.07,5.91,9.98,0.49,21.65,27.22,0.11,0.65,0.18,48,Good
25.83,45.42,2.21,7.94,6.02,9.82,0.47,22.1,28.67,0.18,0.78,0.19,48,Good
27.28,47.52,2.65,9.42,7.16,10.82,0.57,19.49,28.25,0.19,0.88,0.13,48,Good
31.49,49.92,1.93,8.93,6.32,10.09,0.64,19.67,34.5,0.18,0.6,0.1,54,Satisfactory
19.45,36.11,2.41,9.54,7.05,9.35,0.58,16.2,31.44,0.11,0.56,0.1,48,Good
18.86,35.92,2.32,8.13,6.23,9.31,0.55,19.8,32.35,0.1,0.56,0.1,51,Satisfactory
15.23,28.92,2.14,7.4,5.67,10.07,0.49,25.54,28.78,0.08,0.51,0.1,43,Good
13.9,26.07,1.78,5.15,4.18,8.51,0.49,23.29,25.43,0.04,0.29,0.15,37,Good
25.49,42.7,1.46,4.19,3.42,10.08,0.48,23,27.87,0.05,0.24,,39,Good
26.01,50.98,1.54,4.65,3.73,8.62,0.45,24.44,29.73,0.07,0.33,0.1,51,Satisfactory
17.19,39.17,1.39,4.81,3.69,7.58,0.46,20.71,28.52,0.08,0.42,0.14,47,Good
16.77,35.65,1.38,4.29,3.41,7.58,1.47,18.95,27.74,0.07,0.33,0.1,101,Moderate
23.67,44.23,1.58,4.99,3.94,7.93,0.66,18.8,29.32,0.15,0.66,0.16,108,Moderate
25.36,50.63,1.51,4.69,3.74,8.2,0.23,21.49,37.28,0.08,0.31,0.1,52,Satisfactory
25.12,52.01,1.52,4.71,3.74,7.88,0.25,22.1,43.19,0.09,0.39,0.15,61,Satisfactory
26.96,53.31,1.29,5.11,3.77,7.91,0.37,19.29,38.57,0.13,0.65,0.1,58,Satisfactory
30.36,60.36,1.45,5.2,3.92,8.01,0.37,22.14,45.51,0.11,0.25,,58,Satisfactory
29.86,55.8,1.39,4.52,3.54,8.81,0.28,23.12,44.17,0.08,0.33,0.1,69,Satisfactory
34.77,63.95,1.4,5.03,3.81,9.07,0.25,25.11,40.76,0.11,0.47,0.1,69,Satisfactory
29.77,59.98,1.38,4.32,3.42,8.71,,20.53,32.28,0.07,0.29,0.1,59,Satisfactory
30.52,54.56,1.38,4.05,3.27,8.95,,29.01,19.3,0.04,0.33,,59,Satisfactory
30.58,53.17,1.41,3.65,3.09,8.16,,21.14,30.65,0.05,0.2,0.1,55,Satisfactory
23.9,46.95,1.34,3.93,3.18,7.68,,19.38,25.31,0.02,0.26,0.18,51,Satisfactory
16.28,33.84,1.54,3.77,3.25,7.66,,20.08,17.23,0.02,0.18,,39,Good
11.01,28.46,1.46,3.53,3.07,7.63,,17.69,16.26,0.04,0.19,,30,Good
16.58,36.98,1.45,4.27,3.46,7.28,,19.86,25.67,0.01,0.22,0.1,38,Good
18.11,38.01,1.51,5.44,4.12,7.74,,24.28,43.68,0.15,0.49,0.1,52,Satisfactory
21.17,41.26,1.3,6.54,4.25,6.25,0,13.94,36.65,0.32,1.26,0.17,53,Satisfactory
13.72,31.06,1.4,4.58,3.58,6.74,0,15.56,26.1,0.05,0.54,0.16,42,Good
16.75,36.94,1.33,4.59,3.53,6.79,0,13.59,25.74,0.05,0.36,,44,Good
18.38,40.46,1.31,4.91,3.66,7.17,0,14.3,27.51,0.05,0.38,0.1,47,Good
19.77,45.79,1.4,4.99,3.77,7.23,0,14.56,26.57,0.06,0.36,,50,Good
18.62,45.2,1.48,4.5,3.6,6.92,0,14.12,30.13,0.06,0.29,0.1,51,Satisfactory
17.21,38.03,1.45,4.4,3.53,6.84,0,13.37,24.22,0.03,0.28,,43,Good
13.28,40.72,1.37,4.83,3.68,7.29,0,12.24,25.98,0.06,0.31,0.1,40,Good
7.38,26.67,1.37,3.7,3.09,6.49,,13.63,25.12,0.02,0.25,,41,Good
7.59,24.92,1.44,3.52,3.04,6.17,,13.62,23.68,0.03,0.23,,35,Good
7.81,23.53,1.5,4.13,3.42,6.17,,15.82,19.01,0.01,0.25,0.1,30,Good
7.35,20.8,1.47,4.16,3.4,5.9,,13.92,18.71,0.02,0.25,,26,Good
9.51,24.12,1.32,3.97,2.97,6.56,0,12.29,19.18,0.05,0.23,,26,Good
11.34,26.66,1.39,3.97,3.24,6.59,0,,21.01,0.02,0.23,,30,Good
9.36,26.24,1.39,3.87,3.19,6.41,0,,22.75,0.02,0.19,,31,Good
14.44,38.88,1.36,4.26,3.38,6.81,0,,31,0,0.2,,43,Good
11.9,29.15,1.33,6.18,4.37,5.43,0,,44.57,0.06,0.31,,56,Satisfactory
16.45,32.26,1.41,5.66,4.17,7,0,,36.76,0.06,0.24,,52,Satisfactory
10.61,33.88,1.46,5.21,3.95,5.9,0,,32.29,0.05,0.43,0.12,41,Good
35.38,63.42,1.42,11.76,7.42,7.98,0,,34.99,0.36,0.81,0.1,43,Good
26.8,50.65,1.35,6.22,4.41,7.86,0,19.3,39.46,0.08,0.47,,56,Satisfactory
39,55,1.33,5.6,4.07,6.53,,27.1,28.6,0.1,0.45,,54,Satisfactory
103.52,189.41,7.5,78.17,86.29,14.23,1.66,3.32,19.76,6.81,10.37,9.68,237,Poor
124.02,195.9,23.65,94.18,134.6,16.76,1.92,5.71,20.39,9.63,10.4,8.75,310,Hazardous
66.92,138.18,17.36,86.72,105.11,15.85,1.36,3.24,23.5,8.01,8.29,7.29,170,Moderate
77.72,158.17,7.18,79.22,86.56,14.3,1.44,10,23.22,13.14,10.33,10.69,152,Moderate
77.71,151.64,5.23,77.4,96.5,14.02,1.25,3.27,19.23,6.07,8.03,7.3,144,Moderate
73.58,146.1,5.84,78.11,84.39,14.16,1.2,5.07,19.1,4.96,8.02,6.48,165,Moderate
61.57,131.82,5.4,77.61,96.68,14.11,1.23,3.64,20.29,4.7,7.62,5.88,126,Moderate
70.31,154.81,5.62,76.93,82.55,13.97,1.24,3.89,21.19,7.51,8.02,6.38,129,Moderate
74.04,163.69,6.29,76.91,83.2,13.92,1.2,3.09,22.55,7.6,8.52,7.13,149,Moderate
58.91,131.93,5.36,77.1,82.45,13.85,1.1,2.76,19.82,5.69,7.65,6.37,125,Moderate
58.9,110.95,6.49,78.77,88.61,14.05,0.82,3.24,17.78,4.59,7.61,5.88,123,Moderate
26.86,59.87,6.99,78.52,99.51,14,0.68,3.05,18.36,4.96,6.69,5.28,115,Moderate
62.55,122.25,7.44,79.24,87.27,14.09,1.98,3.1,17.4,4.21,7.93,6.53,127,Moderate
57.51,120.69,7.2,79.01,99.72,14.09,1.26,2.5,17.71,4.53,7.76,5.08,118,Moderate
70.09,160.56,15.42,60.24,81.09,12.37,1.04,5.11,17.25,5.34,7.16,5.29,132,Moderate
53.67,114.13,79.13,34.3,103.35,13.71,0.92,4.04,13.69,10.26,8.26,5.82,124,Moderate
45.61,101.86,56.09,45.86,115.47,14.12,0.94,3.4,15.74,10.4,8.29,6.12,127,Moderate
61.12,131.87,72.13,47.57,120.39,17.18,0.92,3.52,13.38,12.7,8.52,7.04,142,Moderate
56.96,135.69,71.85,53.42,140.88,16.33,0.92,2.97,13.15,12.27,8.08,6.53,150,Moderate
44.39,114.54,72.97,54.79,127.95,16.33,0.94,3.48,13.89,12.84,8.01,7.08,159,Moderate
31.79,96.3,66.62,59.83,141.5,15.06,0.82,2.56,13.11,11.53,7.19,6,149,Moderate
55.78,138.44,70.91,65.5,150.96,15.15,0.77,2.79,14.2,13.55,8.71,7.37,168,Moderate
50.4,131.72,57.49,70.81,141.86,14.1,0.66,2.66,14,11.04,7.43,5.76,165,Moderate
58.71,147.2,43.49,57.73,100.19,9.31,0.64,3.22,17.08,10.47,7.9,6.23,152,Moderate
48.6,136.91,28.66,49.52,82.69,4.74,0.63,2.82,13.82,11.9,7.85,6.61,130,Moderate
59.76,157.27,22.63,42.42,68.61,3.53,0.64,4.03,16.12,10.06,7.75,6.05,130,Moderate
67.11,160.02,18.92,49.05,71.77,4.75,0.61,3.38,14.43,11.24,8.26,6.4,141,Moderate
69.65,162.02,16.51,49.28,65.6,4.9,0.64,7.24,18.68,10.41,8.28,6.94,138,Moderate
67.14,166.85,30.58,61.48,102.14,12.93,0.63,4.55,19.32,11.45,8.25,7,145,Moderate
58.38,177.22,17.58,48.94,66.03,16.18,0.59,5.85,12.41,10.52,7.74,6.14,147,Moderate
48.16,87.04,12.79,35.24,60.95,14.94,0.52,2.83,12.54,8.39,6.72,5,123,Moderate
16.26,52.61,12.77,28.35,40.12,12.94,0.44,2.75,12.28,8.89,6.54,4.98,66,Satisfactory
15.91,50.34,16.37,33.5,48.87,13.41,0.53,2.63,11.79,9.27,6.58,5.08,58,Satisfactory
31.96,94.51,14.59,33.41,47,13.14,0.59,2.68,12.86,9.79,7.03,5.37,77,Satisfactory
68.32,181.17,18.6,30.42,53.75,13.4,1.53,5.1,12.65,9.66,7.47,5.87,129,Moderate
41.54,135.18,15.39,9.04,34.52,10.71,0.76,2.93,16.54,9.73,7.6,6.21,137,Moderate
53.44,159.72,15.28,11.58,37.88,11.03,0.72,3.1,15.95,9.86,7.97,6.1,133,Moderate
52.41,166.21,15.9,13.27,39.88,11.08,0.71,3.54,16.97,10.46,7.72,6.35,139,Moderate
69.46,205.16,16.51,13.13,40.59,10.95,0.66,3.72,12.89,11.28,8.05,6.1,162,Moderate
54.32,166.52,14.04,9.71,34.15,10.82,0.67,4.71,17.76,9.99,7.7,6.06,154,Moderate
43.14,122.51,14.65,10.2,36.43,11.57,0.61,4.93,16.89,9.66,7.48,5.83,124,Moderate
52.39,143.82,18.45,13.52,43.62,11.79,0.61,4.66,17.32,11.44,7.71,5.94,123,Moderate
29.75,89.22,16.36,10.8,38.61,11.45,0.54,4.14,17.81,10.52,7.12,5.48,114,Moderate
58.6,153.78,15.83,9.93,35.86,10.57,0.55,4.14,18.36,11.46,7.7,5.83,119,Moderate
57.97,149.22,15.54,9.32,34.92,10.55,0.47,3.58,17.94,11.71,7.72,5.89,133,Moderate
46.84,128.01,16.33,9.46,36.16,10.5,0.56,3.83,16.46,12.02,7.85,6.22,132,Moderate
16.77,58.27,14.4,7.56,21.96,10.14,0.62,3.5,17.53,9.62,6.53,4.94,79,Satisfactory
25.72,77.3,16.06,8.99,35.26,10.21,0.65,3.55,17.96,11.16,7.2,5.72,73,Satisfactory
19.79,57.47,16.75,9.64,36.17,9.78,0.74,4.36,18.93,10.36,6.66,5.17,64,Satisfactory
31.52,77.37,12.38,6.09,26.79,8.68,0.71,3.46,23.99,9.89,6.87,5.16,69,Satisfactory
47.8,85.78,10.74,4.86,22.62,7.06,0.63,2.86,25.36,8.82,5.26,3.68,73,Satisfactory
58.97,153.53,10.96,9.45,20.72,7.05,0.69,3.85,18.99,7.39,3.25,1.86,133,Moderate
51.79,140.04,11.78,10.5,22.28,7.13,0.75,3.92,17.81,6.29,2,1.25,132,Moderate
29.06,104.61,11.67,9.14,27.71,7.18,0.69,3.55,18.23,5.16,1.42,0.85,112,Moderate
28.63,90.7,12.54,9.03,21.57,7.76,0.69,3.71,26.84,4.03,1.32,0.72,91,Satisfactory
42.29,129.74,12.7,9.54,29.85,7.97,0.64,3.72,30.89,4.91,1.44,0.85,110,Moderate
48.66,155.13,12.38,8.7,28.47,7.78,0.57,8.52,31.15,4.89,1.59,1.25,128,Moderate
54.53,157.09,11.78,8,20.1,8.69,0.88,3.55,29.18,5.07,1.73,1.38,140,Moderate
40.21,138.73,11.93,8.52,20.46,9.31,0.92,3.09,31.63,4.12,1.3,0.95,125,Moderate
27.42,104.51,14.66,6.89,27.71,8.26,1.31,3.42,34.72,3.47,0.98,0.65,119,Moderate
20.92,81.28,15.02,13.74,38.41,9.66,0.78,6.25,40.85,3.52,0.97,0.76,88,Satisfactory
30.1,96.19,13.61,14.15,27.87,9.95,0.76,1.95,37.46,3.8,1.05,0.72,93,Satisfactory
43.88,137.19,13.38,15.46,28.84,9.99,0.89,2.35,34.26,4.61,1.34,0.9,112,Moderate
44.86,144.69,11.95,14.56,26.51,9.1,0.84,2.63,36.17,3.65,1.29,0.79,138,Moderate
56.47,158.03,13.78,12.76,35.48,8.69,0.75,2.59,23.55,4.01,1.48,0.96,124,Moderate
20.96,75.37,13.85,4.88,22.74,5.64,0.84,2.72,29.63,4.18,2.82,1.35,106,Moderate
15.44,57.58,13.73,4.94,28.91,5.64,0.86,2.45,29.02,4.28,2.68,1.55,72,Satisfactory
92.14,196.87,12.58,8.35,21.02,5.07,0.63,5.91,41.86,0.99,3.05,6.26,167,Moderate
84.74,196.78,12.55,8.41,20.97,5.04,0.66,5.46,38.02,1,3.05,6.23,206,Poor
72.32,163.27,12.54,8.25,20.79,5.11,0.59,5.99,35.54,0.91,2.94,5.36,149,Moderate
67.71,106.21,12.56,8.47,21.03,5.02,0.69,5.01,38.8,0.84,2.93,5.54,131,Moderate
74.3,134.46,12.55,8.61,21.15,4.99,0.61,5.77,38.82,0.76,2.76,5.8,127,Moderate
104.43,152.02,12.52,8.4,20.93,5.07,0.63,5.03,40.73,0.84,2.82,5.98,252,Poor
52.81,112.14,12.51,8.31,20.82,5.11,0.58,5.9,42.01,0.77,2.8,5.85,134,Moderate
51.88,100.81,12.53,8.33,20.86,5.1,0.63,5.56,41.07,0.79,2.79,5.78,102,Moderate
62.72,124.43,12.59,8.56,21.15,5.01,0.58,6.65,41.84,0.94,2.84,5.88,114,Moderate
74.08,126.26,12.63,8.34,20.97,5.08,0.53,5.85,42.98,0.97,2.83,5.77,132,Moderate
72.53,138.75,12.63,8.3,20.93,5.09,0.48,5.72,42.48,0.74,2.64,5.5,134,Moderate
108.07,76.5,12.63,8.24,20.87,5.11,0.97,7.2,40.83,0.86,2.76,5.75,225,Poor
74.32,61.18,12.62,8.36,20.99,5.07,0.98,6.52,44.43,0.83,2.6,5.52,196,Moderate
66.86,67.01,12.53,8.69,21.22,4.99,0.74,6.42,41.35,0.8,2.5,5.17,113,Moderate
75.49,327.61,12.34,22.51,20.81,6.42,0.92,5.16,34.32,0.88,2.54,4.97,130,Moderate
99.15,331.54,0.4,8.55,8.62,1.51,1.56,6.51,23.58,0.75,2.62,4.6,254,Poor
48.66,179.33,1.42,8.57,9.19,1.6,1.26,6.14,20.8,0.6,2.43,4.78,200,Moderate
67.25,199.98,0.76,8.4,8.35,1.58,1.24,6.23,23.36,0.58,2.46,5.24,164,Moderate
61.84,194.06,5.32,9.97,12.51,3.7,1.8,6.29,33.48,0.52,2.21,4.03,174,Moderate
59.22,208.58,12.27,9.6,21.53,4.87,1.23,3.13,38.93,0.6,2.46,4.18,164,Moderate
54.7,175.81,57.62,29.71,39.7,5.39,2.1,6.52,32.46,0.92,2.79,5.3,148,Moderate
29.87,135.11,25.06,6.05,21.99,4.36,0.75,11.15,28.03,0.53,2.43,4.35,133,Moderate
57.96,119.11,8.37,9.12,17.48,5.47,0.16,10.6,37,1.08,2.37,4.54,101,Moderate
51.58,109.11,11.37,9.3,20.67,6.76,0.18,7.1,40.35,1.05,2.42,5.01,107,Moderate
41.99,92.76,11.28,9.2,20.48,6.75,0.46,6.03,38.63,0.82,2.2,4.42,95,Satisfactory
43.36,87.53,11.31,9.17,20.48,6.88,0.15,9.03,38.7,0.65,1.98,3.31,93,Satisfactory
52.64,68.71,8.86,10.8,19.66,7.33,0.23,7.33,25.46,0.71,2.1,3.85,88,Satisfactory
28.48,46.52,9.4,10.06,19.46,7.42,0.47,7.25,30.39,0.63,2.06,3.95,81,Satisfactory
36.03,55.76,10.43,8.76,19.19,7.64,,5.66,25.23,3.29,2.6,3.73,50,Good
16.45,33.03,10.6,9.01,18.3,7.67,,11.91,17.04,5.57,2.75,2.14,60,Satisfactory
28.43,47.3,9.81,9.41,18.61,7.55,0,3.1,29.37,2.58,1.77,5.09,49,Good
22.09,41.49,10.07,9.35,16.76,7.6,0,2.67,34.97,1.92,1.31,4.28,49,Good
24.9,53.83,10.48,8.82,14.49,7.69,0,3.84,40.09,1.33,0.84,3.01,55,Satisfactory
26.85,65.56,10.29,8.06,18.35,6.96,0.41,9.02,27.54,2.02,1.51,6.09,67,Satisfactory
27.89,60.21,9.6,5.99,15.59,4.69,0.42,6.07,30.64,2.21,1.69,8.48,64,Satisfactory
25.89,27.13,9.36,6.06,15.42,4.71,0.34,3.75,34.04,1.76,1.34,8.49,54,Satisfactory
23.24,40.44,9.38,6.02,12.91,4.71,0.36,4.05,39.98,1.54,0.93,6.25,50,Good
24.15,48.14,10.29,5.21,10.99,6.2,0.37,3.71,38.48,1.16,0.9,3.58,74,Satisfactory
28.38,51.05,10.73,4.85,14.59,6.7,0.37,3.45,31.95,1.54,1.19,4.75,54,Satisfactory
14.82,31.86,10.62,4.83,7.46,6.71,0.13,3.45,27.37,0.93,0.63,1.92,50,Good
,28.23,12.49,6.7,19.19,5.32,0.24,1.95,27.33,1.84,1.39,7.89,25,Good
,38.77,12.69,6.65,19.32,5.31,0.37,1.92,26.45,1.99,1.55,10.86,46,Good
,49.86,12.67,6.6,19.3,5.31,0.33,2.04,32.44,2.18,1.69,12.12,68,Satisfactory
,59.9,12.42,6.63,19.05,5.34,0.3,2.12,36.58,2.19,1.6,7.91,59,Satisfactory
,63.84,12.7,7.14,19.81,5.77,0.17,2.21,39.25,2,1.49,7.34,71,Satisfactory
,61.34,14.06,8.58,22.66,7.14,0.5,3.89,42.72,1.87,1.36,7.84,62,Satisfactory
,147.2,14.18,8.94,23.12,7.08,0.23,2.77,30.38,2.08,1.55,11.38,67,Satisfactory
,127.95,12.49,8.67,21.08,5.64,0.14,4.57,38.44,1.84,1.22,5.86,126,Moderate
41.99,143.94,23.68,29.28,41.44,17.11,0.01,5.58,18.68,13.33,1.7,12.19,115,Moderate
59.95,182.15,31.6,29.53,59.14,16.11,0,5.17,18.41,15.45,1.97,11.45,145,Moderate
48.96,144.84,25.22,23.73,48.5,14.59,0,6.21,22.47,12.74,1.72,9.5,137,Moderate
61.79,184.57,25.79,24.41,49.42,14.69,0.01,6.63,21.24,12.82,1.46,8.39,152,Moderate
37.17,106.31,35.32,26.8,63.12,16.05,0,6.35,20.92,13.54,1.98,10.25,119,Moderate
42.12,120.38,31.86,27.04,59.9,15.65,0.01,6.02,22.48,18.73,2.63,11.32,107,Moderate
48.55,138.69,31.37,26.26,58.63,15.68,0,5.78,25.03,10.51,2.57,11.77,124,Moderate
45.78,130.79,33.67,28.65,63.32,16.09,0,5.84,15.61,15.23,2.52,13.46,122,Moderate
57.31,175.25,31.74,26.18,58.62,15.28,0.02,5.98,21.27,14.68,2.54,11.44,138,Moderate
57.94,171.82,23.42,20.66,42.66,12.92,0,6.3,24.7,12.43,1.96,9.24,144,Moderate
49.3,143.96,27.24,22.59,46.82,13.69,0.01,6.08,21.03,13.24,2.35,11.31,140,Moderate
116.63,306.18,23.71,21.4,41.97,13.08,0,6.32,19.98,13.12,2.22,9.26,251,Poor
33.74,87.84,20.17,21.19,41.35,12.48,0.01,6,15.41,8.35,1.12,6.98,137,Moderate
48.76,139.29,22.89,27.79,50.66,13.46,0,6.47,14.1,7.09,0.91,8.81,112,Moderate
27.22,102.81,29.63,32.62,20.68,15,0,5.88,11.15,2.19,0.28,2.86,124,Moderate
31.86,90.9,25.7,38.29,63.98,14.88,0,,13.28,11.08,1.32,11.73,74,Satisfactory
73.92,213.3,34.67,43.28,75.25,16.74,0.32,19.13,11.34,11.65,2.66,14,146,Moderate
96.85,215.67,29.06,32.62,54.79,14.69,1.13,9.91,30.02,4.68,1.57,6.07,237,Poor
60.41,112.53,32.1,38.15,70,14.92,0.81,3.2,27.13,5.89,2.74,11.45,124,Moderate
54.89,157.76,33.43,38.02,69.43,9.8,0.01,3.8,26.42,6.97,3.05,13.02,114,Moderate
62.42,178.25,30.03,34.95,62.91,8.94,0,3.59,22.36,6.25,2.07,9.36,158,Moderate
33.74,96.43,29.16,37.24,64.4,9.23,0,2.31,17.17,6.32,1.55,8.87,120,Moderate
45.16,129.04,29.69,38.7,66.33,9.46,0,,15.79,6.13,1.34,9.11,101,Moderate
42.61,121.76,28.13,36.97,31.55,9.12,0,,15.82,6.02,0.5,4.13,129,Moderate
49.87,142.45,24.72,35.8,58.53,8.49,0,,19.76,6.06,1.03,8.72,115,Moderate
71.74,205.11,27.67,38.24,63.92,9.03,0,,18.19,6.27,1.61,10.12,156,Moderate
54.93,152.6,27.31,38.26,63.69,9.08,0,,19.12,6.48,1.64,10.09,158,Moderate
48.16,128.53,21.63,29.8,49.43,7.38,0.01,8.56,24.92,6.41,1.62,7.84,117,Moderate
52.3,139.23,18.8,27.98,44.79,6.7,0.01,0.71,19.59,5.43,1.91,8.36,125,Moderate
93.43,147.22,19.47,28.7,46.17,6.87,0.01,5.36,14.99,5.65,1.94,7.91,140,Moderate
112.18,162.8,26.15,34.1,58.25,8.48,0,6.94,11.73,8.95,2.95,11.97,306,Hazardous
46.38,102.86,18.97,31.23,48.19,7.14,0,,8.3,5.56,1.49,8.49,134,Moderate
45.32,100.78,21,33.26,52.26,7.63,0,,8.07,6.6,1.61,9.28,91,Satisfactory
68.66,152.57,25.88,36.7,60.58,8.69,0,,8.86,6.98,2.99,13.36,121,Moderate
63.86,142.12,24.13,33.08,55.21,8.12,0.01,4.71,16.83,7.99,2.81,12.22,135,Moderate
69.37,154.01,26.61,36.36,60.97,8.73,0,,20.57,6.95,2.81,13.63,132,Moderate
63.2,140.32,23.81,33.88,55.69,8.06,0,,19.47,5.39,2.12,11.14,127,Moderate
65.15,144.93,26.81,33.27,58.08,8.5,0.01,3.23,21.4,6.16,2.62,11.75,130,Moderate
62.87,139.7,25.09,31.37,54.46,8.06,0,7.56,20.76,5.99,2.37,9.59,135,Moderate
62.95,140.07,29.56,36.7,64.23,9.16,0.01,5.91,16.61,6.47,3.3,12.07,125,Moderate
41.91,93.07,28.89,38,64.86,9.19,0,,17.04,6.18,2.65,12,109,Moderate
53.8,123.95,28.33,33.28,47.57,8.6,0.01,9.49,23.99,6.18,1.8,8,101,Moderate
76.21,168.2,21.75,26.18,39.31,7.04,0.02,7.11,23.88,4.83,2.22,7.97,115,Moderate
61.69,137.47,27.29,33.08,55.41,8.51,0.01,4.06,19.18,5.55,2.84,10.88,127,Moderate
70.49,156.56,40.56,43.85,82.42,11.49,0,,15.79,6.32,2.84,14.09,139,Moderate
63.57,141.24,29.04,33.89,60.93,8.88,0,,20.74,6.36,1.94,9.04,130,Moderate
69.19,153.63,34.65,37.59,70.23,9.95,0.01,6.2,16.57,6.52,2.25,9.91,131,Moderate
73.15,162.47,35.13,41.33,74.45,10.41,0,,15.49,6.14,2.95,12.65,144,Moderate
54.54,121.13,36.59,41.71,76.3,10.68,0.01,3.5,14.76,6.15,2.11,10.59,131,Moderate
23.84,52.99,35.43,40.65,74.09,10.39,0.01,3.75,15.1,7.13,0.91,8.26,94,Satisfactory
34.41,76.5,32.68,39.35,70.02,9.81,0.01,0.87,14.24,8.47,0.86,7.87,91,Satisfactory
35.39,78.62,35.57,41.28,74.85,10.47,0,,13.71,8.66,0.83,7.89,90,Satisfactory
43.93,100.62,25.34,30.82,44.51,7.94,0.02,6.34,16.43,6.22,0.97,5.19,99,Satisfactory
37.55,84.08,23.99,30.34,47.92,7.68,0,,15.08,5.71,1.17,5.52,87,Satisfactory
49.82,120.8,24.1,31.61,49.1,7.89,0,,15.12,6.21,1.29,5.91,102,Moderate
61.91,138.56,24.94,31.59,53.92,7.86,0.02,4.16,15.63,6.76,2,7.42,118,Moderate
72.97,163.05,30.79,35.39,64.18,9.06,0.01,4.08,13.45,6.28,2.81,9.47,138,Moderate
81.51,181.02,35.66,37.44,71.01,10.04,0.01,2.73,15.76,6.88,3.4,11.26,160,Moderate
56.93,126.56,33.91,35.26,67.16,9.44,0.02,4.48,15.72,12.51,2.61,9.35,143,Moderate
56.6,125.74,32.79,37.83,68.56,9.47,0,,13.44,6.18,2.12,9.05,110,Moderate
62.09,138.1,30.94,29.75,56.49,8.44,0.02,2.4,16.41,7.86,2.59,8.49,126,Moderate
75.18,166.81,27.1,20.86,47.96,7.31,0,,7.26,6.22,2.12,7.06,127,Moderate
64.23,141.23,24.99,22.13,47.12,7.2,0.01,2.07,9.64,7.54,2,6.72,149,Moderate
68.66,152.5,22.67,22.59,45.26,6.71,0,,8.62,6.28,2.36,6.83,137,Moderate
74.91,178.86,23.65,24.35,45.11,7.13,0.01,1.32,10.14,7.1,2.57,7.22,144,Moderate
72.08,160.38,26.59,27.11,53.7,8.02,0.01,1.97,9.16,11.8,2.76,8.33,154,Moderate
70.27,155.08,25.57,27.48,53.03,7.86,0.01,4.17,4.93,6.92,2.19,6.44,131,Moderate
98.32,218.44,35.3,37.03,72.33,10.92,0,,4.3,26.09,3.82,11.8,200,Moderate
78.83,175,30.13,32.62,62.66,9.42,0,,6.46,8.48,2.38,9.25,174,Moderate
78.42,186.41,31.71,33.79,59.08,9.96,0.05,2.98,5.43,9.62,2.41,9.09,184,Moderate
92.38,205.42,21.66,21.67,44.01,6.61,0.17,2.87,9.65,10,2.81,6.66,170,Moderate
77.42,171.98,38.64,19.65,55.01,9.43,0.05,3.41,6.05,5.49,2.78,9.93,176,Moderate
45.44,100.89,31.86,27.8,59.66,9.29,0.01,3.54,5.79,6.53,2.44,8.12,131,Moderate
34.45,76.48,30.01,32.28,62.28,9.37,0,3.49,5.19,6.94,1.74,8.44,81,Satisfactory
28.29,62.82,26.76,29.28,56.04,8.38,0,2.33,5,7.48,1.6,7,77,Satisfactory
14.54,32.35,27.74,31.28,59.01,8.89,0,1.61,5.47,7.69,0.76,6.12,70,Satisfactory
24.39,55.75,25.4,27.86,46.04,8.11,0,1.83,5.24,6.69,1.05,5.53,69,Satisfactory
27.89,61.97,22.75,25.9,47.27,7.37,0.02,2.92,8.92,6.38,1.26,5.34,64,Satisfactory
37.34,88.8,16.81,21.51,32.36,5.7,0.04,3.2,9.01,5.14,1.19,4.32,75,Satisfactory
45.99,102.22,19.81,25.32,44.54,6.57,0.03,2.85,8.68,6.08,1.8,6.18,98,Satisfactory
69.5,159.89,25.14,28.99,45,7.93,0,3.76,4.87,5.05,1.9,7.25,101,Moderate
52.22,115.98,22.07,24.15,45.96,8.42,0,3.48,8.24,5.84,1.44,4.91,118,Moderate
27.56,61.73,33.82,36.82,66.33,15.16,0,2.83,5.6,7.21,0.76,5.02,83,Satisfactory
38.35,110.64,14.47,16.64,30.1,10.42,0.5,51.84,33.26,3.74,2.13,10.26,109,Moderate
30.74,80.8,14.47,16.64,31.11,10.42,0.89,62.24,37.59,3.24,2.17,8.21,97,Satisfactory
43.75,100.92,34.72,28.21,57.07,34.44,0.87,36.35,30.69,3.87,2.05,8.83,97,Satisfactory
74.98,145.44,103.44,69.8,44.3,62.39,0.94,7.94,33.14,4.78,2.2,10.98,114,Moderate
59.63,118.65,33.67,64.12,48.79,43,1.03,14.18,27.67,5.02,2.3,10.06,147,Moderate
65.93,129.11,33.11,38.61,54.08,50.39,0.97,45.27,29.9,6.59,2.31,10.58,119,Moderate
54.21,110.82,73.43,72.44,95.37,129.46,1.29,67.26,29.01,4.83,2.2,9.16,120,Moderate
84.41,144.68,24.93,29.71,45.5,67.89,0.83,32.97,27.53,5.9,2.32,12.03,147,Moderate
97.06,176.04,40.72,31.61,60.06,78.96,0.96,14.65,33.36,3.95,2.07,8.36,198,Moderate
93.87,135.68,13.96,15.08,25.84,30.65,1.07,27.27,19.58,4.58,2.21,9.82,244,Poor
37.95,76.21,22.15,18.64,35.84,49.09,0.79,26.86,20.99,4.89,2.25,13.61,116,Moderate
90.72,142.79,10.98,12.11,21.62,18.23,1.03,26.99,19.67,5.46,2.22,10.66,174,Moderate
36.44,63.95,12.05,10.57,22.38,7.22,0.82,4.84,25.14,4.05,2.19,8.65,99,Satisfactory
69.3,135.22,12.01,9.09,21.09,6.89,0.8,26.79,19.53,4.88,2.25,9.3,112,Moderate
34.17,70.38,71.16,39.57,81.04,76.27,0.66,11.66,18.37,3.76,2.12,8.13,101,Moderate
38.31,96.81,20.38,14.91,34.47,11.92,0.73,16.1,12.17,4.09,2.22,9.45,99,Satisfactory
31.87,61.91,15.01,9.74,24.64,7.88,1.06,20.38,19.92,3.72,2.19,11.06,76,Satisfactory
49.54,105.25,14.5,9.31,23.29,7.51,0.9,22.3,26.86,4.09,2.13,9.87,100,Satisfactory
37.44,95.69,13.83,10.04,22.93,6.88,0.84,13.1,26.11,3.22,2.08,8.32,102,Moderate
46.62,98.1,33.16,30.3,54.34,37.7,0.76,23.13,25.32,3.44,1.91,7.14,90,Satisfactory
58.24,114.75,61.77,47.67,67.32,52.8,1.09,25.23,26.95,4.66,2.16,8.64,106,Moderate
38.7,93.26,73.32,63.38,95.71,50.53,0.76,12.84,19.33,3.53,2.12,7.57,108,Moderate
26.47,62.35,15.67,11.18,23.35,14.65,0.91,17.6,20.92,3.16,1.97,6.72,79,Satisfactory
22.15,55.39,13.77,8.36,21.59,9.65,0.89,16.45,25.08,3.14,2.16,8.45,71,Satisfactory
34.8,75.58,14.26,8.64,22.57,9.16,1,17.25,25.44,4.38,2.2,9.71,77,Satisfactory
32.11,71.02,18.58,13.58,30.02,12.53,0.99,15.4,25.75,3.86,1.97,8.95,77,Satisfactory
38.02,79.34,34.12,32.18,53.48,36.31,0.86,25.47,26.91,4.16,1.98,9.36,81,Satisfactory
43.03,101.54,28.09,22.68,42.36,33.68,1.42,24.33,26.36,5.25,2.14,7.03,100,Satisfactory
57.3,130.38,45.29,27.38,48.35,36.81,0.94,33.42,30.14,6.64,2.34,11,123,Moderate
55.89,132.32,32.08,20.02,42.14,26.23,1.19,21.88,31.89,6.19,2.23,10.94,122,Moderate
58.44,141.53,23.22,13.55,30.28,22.5,0.84,25.04,31.93,6.41,2.27,13.48,121,Moderate
49.65,120.56,17.6,11.27,24.49,16.26,1.2,19.91,22.67,6.29,2.33,13.2,124,Moderate
63.82,181.11,17.18,10.54,23.38,14.2,0.39,14.4,24.17,6.36,2.26,11.55,135,Moderate
38.14,123.69,14.94,7.91,16.64,17.73,0.58,6.54,31.2,3.88,1.8,8.7,148,Moderate
51.45,115.44,16.52,9.43,17.31,19.86,0.68,16.63,27.17,4.76,1.81,10.42,104,Moderate
46.72,88.35,18.38,9.22,21,21.43,0.53,12.95,40.67,4.4,2.03,11.59,103,Moderate
35.52,68.81,16.51,9.41,20.08,18.25,0.7,22.39,38.58,3.81,1.93,8.94,79,Satisfactory
39.76,97.33,14.99,9.65,21.39,14.95,0.86,19.92,28.88,5.35,2.21,10.58,90,Satisfactory
39.17,86.77,16.07,10.66,19.45,11.16,1.09,20.21,25.17,4.65,1.92,9.68,94,Satisfactory
34.67,95.14,17.29,10.5,20.93,12.81,0.73,21.96,31.75,5.31,1.89,8.38,98,Satisfactory
50.27,146.22,53.67,22.83,64.27,39.57,0.69,22.77,24.11,5.44,2.23,9.93,113,Moderate
52.25,116.06,24.07,13.75,30.02,20.25,0.62,9.37,30.66,3.58,2.02,7.28,122,Moderate
40.12,96.78,15.33,11.14,18,14.48,0.55,15.21,30.7,3.24,1.82,6.81,101,Moderate
41.37,96.26,12.73,10.38,13.38,10.57,0.61,35.25,32.36,3.22,1.55,6.45,98,Satisfactory
71.78,157.84,16.8,11.13,22.12,13.4,1.17,33.19,19.86,6.78,2.22,11.36,126,Moderate
44.71,79.43,13.34,10.76,16.12,10.13,0.79,9.81,26.84,4.48,1.84,8.94,106,Moderate
62.47,113.81,16.54,11.16,20.55,13.83,0.78,9.02,22.76,4.23,2.03,8.09,104,Moderate
52.47,124.04,16.64,9.73,16.56,14.85,0.56,5.29,23.74,3.01,1.66,5.28,91,Satisfactory
55.22,177.85,11.61,8.66,16.39,11.57,0.76,18.32,24.29,3.52,1.97,7.14,153,Moderate
31.45,79.17,12.1,8.29,16.71,13.32,0.84,6.59,19.06,3.77,1.95,7.62,121,Moderate
22.63,78.34,21.12,11.89,22.7,19.54,1.01,13.58,23.74,4.25,2,9.01,81,Satisfactory
30.66,93.25,31.34,16.42,33.89,38.17,0.77,13.33,25.78,5.12,2.14,10.41,94,Satisfactory
30.83,111.52,14.72,8.14,19.02,38.58,0.75,12.05,18.98,5.03,1.92,9.24,100,Satisfactory
20.91,79.27,13.98,8.09,17.35,38.81,0.77,9.28,9.78,4.81,1.86,6.2,96,Satisfactory
16.57,50.38,13.54,7.71,19.39,33.5,0.59,6.39,15.03,3.47,2.1,7.87,65,Satisfactory
24.92,72.1,13.23,8.78,19.14,30.49,0.42,5.53,22.65,3.59,1.92,8.02,66,Satisfactory
22.93,102.56,18.58,10.12,20.53,32.47,0.29,11.97,32.73,3.73,1.83,8.68,100,Satisfactory
39.66,110.23,12.71,10.55,20.67,19.73,0.72,12.92,25.16,5.22,2.06,9.38,94,Satisfactory
39.39,148.72,12.05,10.47,21.7,19.41,0.43,9.23,23.02,4.41,2.18,10.21,127,Moderate
34.2,121.47,11.64,10.6,20.98,19.41,0.37,10.98,31.58,4.1,2.09,9.86,126,Moderate
38.51,95.89,11.8,10.58,21.27,19.43,0.49,12.69,25.22,4.52,2.12,10.62,93,Satisfactory
35.45,85.48,11.67,10.73,21.03,19.23,0.46,7.28,28.92,3.99,2.05,9.95,86,Satisfactory
39.52,101.22,11.6,10.62,17.19,19.09,0.38,6.6,17.15,3.67,1.7,9.08,98,Satisfactory
39.29,104.66,11.42,10.8,16.89,19.43,0.38,6.95,15.28,3.71,1.61,6.96,105,Moderate
15.97,45.06,11.65,10.65,17.36,18.97,0.47,5.66,14.08,5.15,1.7,6.22,77,Satisfactory
33.24,67.52,12.19,10.16,19.89,19.88,0.37,6.76,15.75,4.6,2.08,9.27,73,Satisfactory
23.68,49.41,14.59,8.8,18.37,18.25,0.59,2.13,17.59,4.11,1.79,8.63,59,Satisfactory
38.8,110.12,13.85,9.07,15.9,16.02,0.47,5.1,25.15,3.47,1.9,8.07,67,Satisfactory
25.52,67.57,12.78,9.21,10.32,3.77,0.45,1.71,36.79,3,1.26,6.12,69,Satisfactory
52.38,135.9,22.33,16.7,25.97,11.78,0.34,7.4,23.79,2.27,0.86,5.37,89,Satisfactory
60.87,154.12,49.82,27.4,42.48,24.11,0.24,7.78,23.29,3.11,0.82,10.43,146,Moderate
48.44,135.54,41.18,25.05,47.83,33.67,0.48,4.99,21.32,3.19,1.09,9.54,110,Moderate
50.87,122.29,25.26,15.78,23.76,49.94,0.3,5.78,28.65,2.94,0.87,10.68,142,Moderate
24.63,44.26,40.95,26.07,35.88,83.09,0.2,4.37,26.3,3.32,0.84,10.17,60,Satisfactory
41.52,67.16,35.12,18.92,32.67,63.6,0.32,5.2,22.48,2.22,0.81,9.36,51,Satisfactory
32.36,55.29,17.81,10.18,25.52,14.76,0.3,7.66,16.87,3.19,1.08,9.33,73,Satisfactory
24.46,48.21,16.32,10.4,25.54,11.47,0.29,8.03,19.29,3.32,1.11,6.4,52,Satisfactory
31.59,62.79,31.8,20.49,41.64,22.79,0.39,5.37,18.33,3.13,1.08,8.1,53,Satisfactory
29.65,57.49,17.25,14.02,26.67,13.26,0.4,4.57,20.27,3.68,1.13,7.96,64,Satisfactory
36.65,64.81,13.68,11.3,21.67,12.08,0.53,8,18.76,3.59,1.14,9.62,61,Satisfactory
34.1,60.06,11.67,10.68,20.93,11.57,0.47,17.74,22.13,4.25,1.14,7.74,60,Satisfactory
43.15,76.76,14.02,10.4,17.86,11.33,0.31,11.1,16.24,3.4,1.25,13.71,71,Satisfactory
48.85,74.56,7.77,9.49,17.26,10.22,0.17,12.12,22.14,4.4,1.15,14.56,75,Satisfactory
43.72,69.77,7.82,9.53,17.1,10.2,0.38,15.18,27.31,4.18,1.14,13.14,79,Satisfactory
28.22,53,8.29,9.31,16.63,10.16,0.27,12.54,21.49,3.5,1.06,10.07,70,Satisfactory
24.73,49.38,9.45,9.94,18.63,10.66,0.5,11.8,14.03,3.7,1.12,13.25,46,Good
27.5,48.96,9.94,10.97,18.41,10.72,0.43,15.86,16.11,3.91,1.14,12.61,55,Satisfactory
26.73,47.19,13.19,13.84,21.83,11.87,0.63,16.16,7.2,5,1.15,11.83,55,Satisfactory
29.12,48.46,12.49,14.06,20.12,11.88,0.26,14.42,9.09,4.03,1.1,12.32,51,Satisfactory
25.95,51.61,16.38,14.3,23.36,13.78,0.08,11.39,13.14,4.32,1.18,13.25,48,Good
17.41,41.49,9.36,9.96,17.13,10.51,0.35,12.07,14.03,3.58,1.09,8.2,47,Good
23.92,45.63,8.83,10.22,17.6,10.46,0.51,21.06,11.71,3.73,1.13,5.79,47,Good
16.58,37.38,9.06,9.41,17.4,10.23,0.1,9.62,18.66,3.33,1.12,4.83,42,Good
24.34,49.36,9.15,9.82,17.87,10.23,0.54,5.44,16.52,3.32,1.11,8.31,45,Good
41.6,63.19,7.75,9.07,16.81,10.07,0.54,5.36,13.28,4.21,1.16,3.18,67,Satisfactory
31.11,54.02,8.11,9.13,15.87,10.09,0.24,4.81,10.51,3.88,1.09,8.74,59,Satisfactory
33.02,56.3,8.78,9.18,17.56,10.12,0.28,5.25,16.48,3.67,1.15,12.32,56,Satisfactory
27.95,50.61,7.85,8.96,16.73,10.06,0.5,5.53,17.22,3.35,1.13,12.05,52,Satisfactory
27.18,64.55,8.85,8.96,16.41,10.13,0.48,2.96,14.03,3.75,1.11,13.8,61,Satisfactory
21.42,44.31,8.6,9.28,17.6,10.27,0.15,5.62,12,3.85,1.16,4.09,54,Satisfactory
21.94,49.35,8.25,9.3,17.08,10.06,0.51,7.89,13.87,3.59,1.13,2.47,43,Good
27.52,52.67,8.47,9,16.78,10.12,0.49,4.6,14.89,3.32,1.11,3.37,53,Satisfactory
32.26,59.32,7.63,9.02,16.62,10.05,0.27,7.12,12.27,3.51,1.14,3.88,54,Satisfactory
20.54,44.11,9.32,8.87,18.19,10.08,0.28,6.38,14.61,2.8,1.12,4.31,53,Satisfactory
23.62,49.13,12.23,9.02,21.25,10.42,0.76,5.33,10.8,2.93,1.13,2,50,Good
23.28,50.89,13.5,9.19,22.46,10.72,0.62,5.42,10.12,3.24,1.13,1.98,58,Satisfactory
22.43,46.17,13.5,9.19,22.22,10.72,0.57,5.57,10.14,3,1.1,2.7,50,Good
19.43,39.75,13.5,9.19,22.69,10.72,0.42,6.13,14.29,3.16,1.13,2,44,Good
11.69,37.87,13.5,9.19,22.69,10.72,0.56,9.05,16.87,2.86,1.13,2.15,39,Good
16.58,35.71,13.46,9.16,21.71,10.68,0.29,6.64,18.05,2.74,1.06,2.92,45,Good
25.06,53.57,13.5,9.19,22.69,10.72,0.53,6.39,24.63,3.15,1.14,2,48,Good
42.78,75.93,13.3,9.07,22.38,10.76,0.29,6.24,25.9,3.16,1.14,2,68,Satisfactory
34.69,70.15,12.91,8.91,21.82,10.92,0.22,6.12,22.01,2.63,1.13,2,77,Satisfactory
34.9,72.3,13.1,8.83,21.94,11.05,0.24,9,28.31,2.25,1.02,2,69,Satisfactory
42.01,80.46,13.17,8.87,22.01,11.03,0.28,5.79,24.41,2.43,1.12,2,77,Satisfactory
36.3,63.21,14.22,9.14,22.63,11.17,0.55,6.49,18.33,2.49,1.13,2,68,Satisfactory
44.57,73.97,13.1,8.95,21.55,11.12,0.18,8.7,19.26,2.76,1.12,1.98,84,Satisfactory
35.47,62.21,14.53,9.47,22.6,11.18,0.3,5.48,20.87,2.2,1.1,1.98,64,Satisfactory
37.27,62.08,22.98,11.54,31.46,12.7,0.47,6.96,18.45,2.12,1.11,2,60,Satisfactory
42.27,66.27,21.96,19.49,37.54,11.58,0.61,6.46,19.43,2.34,1.12,2,70,Satisfactory
41.31,67.58,13.2,8.82,21.98,11.05,0.38,5.8,17.12,2.5,1.12,2,80,Satisfactory
29.85,53.6,13.17,8.92,22.06,11.09,0.57,9.33,15.45,2.21,1.11,2,54,Satisfactory
41.67,71.05,13.23,8.81,21.81,11.06,1.49,21.08,29.75,2.45,1.42,1.96,79,Satisfactory
43.4,142.24,13.25,8.81,22.06,11.07,0.82,5.98,34.02,1.99,1.11,2,144,Moderate
20.82,36.97,13.25,8.81,22.06,11.07,0.68,5.7,21.35,1.72,1.1,2,64,Satisfactory
32.17,53.74,13.24,8.81,21.81,11.07,0.94,6.19,13.45,1.79,1.09,1.98,55,Satisfactory
32.83,58.77,13.26,8.77,22.03,11.08,1,6.3,13.84,1.97,1.11,2,70,Satisfactory
28.54,56.86,16.3,12.06,25.35,11.66,0.84,5.78,14.57,2.03,1.11,2,68,Satisfactory
38.61,76.3,22.78,16.01,32.96,12.24,1.17,7.33,17.04,2.06,1.1,1.98,70,Satisfactory
39.22,75.57,14.89,11.7,24.65,9.68,0.94,9.5,14.2,2.08,1.13,2,81,Satisfactory
41.36,79.85,13.16,11.2,23.58,9.48,0.3,9.68,15.6,2.04,1.11,2,77,Satisfactory
40.96,75.26,13.75,10.7,23.86,9.46,0.86,9.26,19.2,1.9,1.11,2,79,Satisfactory
35.44,63.1,13.54,10.91,23.88,9.48,1.13,12.01,29.03,1.74,1.1,2,84,Satisfactory
45.56,70.58,17.74,14.37,30.73,9.51,1.52,16.32,19.24,1.92,1.18,1.98,103,Moderate
42.86,69.71,16.53,10.58,23.69,9.61,0.67,7.64,22.4,2.07,1.1,1.98,85,Satisfactory
33.95,61.35,18.8,17.21,28.34,10.34,0.47,12.85,24.2,1.92,1.08,1.96,79,Satisfactory
37.32,65.85,15.01,11.66,25.01,9.59,0.09,15.59,28.21,2.02,1.11,2,56,Satisfactory
43.51,74.09,13.95,10.94,24.26,9.55,0.35,12.01,26.59,2.04,1.22,2,75,Satisfactory
31.24,54.09,14.64,11.3,24.58,9.65,1.37,15.55,23.48,1.78,1.1,2,91,Satisfactory
27.76,52.71,14,11.15,24.29,9.29,1.29,20.75,24.46,1.85,1.11,2,97,Satisfactory
33.91,61.33,13.95,11.05,23.54,9.45,1.42,43.86,21.75,1.93,1.08,1.95,90,Satisfactory
46.92,76.58,13.6,10.93,23.48,9.62,0.69,41.56,36.57,2.25,1.11,2,87,Satisfactory
29.63,55.14,13.39,10.91,23.32,9.5,0.51,6.26,32.18,1.83,1.15,1.98,66,Satisfactory
29.2,55.32,13.75,10.56,23.89,9.34,0.6,10.52,27.3,1.96,1.11,2,61,Satisfactory
60.23,82.57,13.29,10.91,23.27,9.46,1.17,20.53,25.56,2.18,1.11,2,87,Satisfactory
78.08,97.22,13.34,10.88,23.3,9.51,0.96,10.46,13.97,2.18,1.08,1.95,146,Moderate
35,62.07,13.04,10.44,23.08,9.32,0.81,13.46,11.17,1.94,1.1,1.98,96,Satisfactory
21.75,50.58,13.42,10.49,23.87,9.41,0.68,8.25,11.7,1.81,1.11,2,60,Satisfactory
12.58,41.81,12.94,10.51,23.2,9.34,0.57,9.96,14.39,1.68,1.09,1.98,63,Satisfactory
16.26,48.02,13.12,10.54,23.63,9.32,0.56,16.98,11.52,1.66,1.1,2,48,Good
18.15,51.03,13.16,10.58,23.71,9.36,0.62,21.48,15.92,1.72,1.11,2,57,Satisfactory
27.76,65.44,13.38,10.66,23.26,9.41,0.82,49.41,18.07,1.88,1.07,1.99,67,Satisfactory
28.07,69.46,12.93,10.32,22.75,9.29,0.58,10.21,21.01,2.58,1.09,2.93,84,Satisfactory
24,51.78,13.19,10.56,23.62,9.32,0.09,6.6,15.08,3.58,1.18,2.91,55,Satisfactory
30.18,54.28,12.51,10.3,22.68,8.98,0.21,4.8,27.04,4.02,1.19,2.15,60,Satisfactory
66.88,95.67,11.96,12.09,20.86,30.09,0.32,4.7,39.06,5.13,1.2,1.98,86,Satisfactory
34.53,75.78,10.57,11.41,20.97,30.69,0.23,3.05,36.75,3.45,1.15,2,94,Satisfactory
48.2,73.6,12.29,11.35,21.7,31.13,0.28,1.51,35.6,4.2,1.18,2,132,Moderate
47.82,71.06,27.37,12.56,25.77,37.76,0.33,4.19,32.11,3.2,1.07,2.48,81,Satisfactory
36.76,64.47,10.5,11.64,20.98,30.77,0.31,1.64,42.89,3.24,1.15,2,77,Satisfactory
38.85,74,11.12,11.53,20.3,30.37,0.39,11.45,18.75,1.84,2.59,1.88,94,Satisfactory
22.66,54.08,11.13,11.53,21.65,30.36,0.63,9.21,20.6,2.01,3.51,2,58,Satisfactory
42.86,107.14,11.16,11.51,21.67,30.36,0.52,7.06,24.61,2.21,3.67,2,87,Satisfactory
62.48,136.27,11.15,11.51,21.67,30.36,0.54,7.47,27.11,2.31,3.76,2,110,Moderate
80.27,181.64,11.27,14.51,24.08,29.79,0.54,12.37,22.51,2.36,3.33,1.96,147,Moderate
96.33,172.08,11.63,18.14,28.97,28.99,0.46,13.85,16.81,2.9,3.57,1.96,227,Poor
84.31,132.9,11.04,11.56,21.66,31.4,0.36,13.78,22.45,2.49,3.3,1.92,179,Moderate
90.71,135.6,12.5,13.12,23.71,31.44,0.87,15.28,19.52,3.07,3.83,1.96,198,Moderate
107.98,161.15,11.28,8.57,19.43,32.46,0.56,15.87,19.54,3.09,3.77,1.98,234,Poor
116.05,181.67,13.78,9.11,22.22,32.83,0.79,17.71,19.78,3.39,3.83,2.03,212,Poor
249.1,303.33,43.34,19.85,55.39,20.44,0.31,34.17,17.9,3.43,4.01,2.06,399,Hazardous
111.47,189.73,29.45,10.03,39.44,13.06,0.46,11.65,18.13,3.7,4.4,2,309,Hazardous
127.13,245.27,17.07,9.78,21.98,13.16,0.57,13.88,21.7,2.92,2.91,1.64,247,Poor
139.65,226.33,17.01,10.01,26.75,13.1,0.31,10.92,16.02,3.44,4.23,1.98,321,Hazardous
154.49,235.28,17.73,9.94,27.64,12.81,0.37,19.27,15.38,3.53,4.21,2,313,Hazardous
110.95,181.95,17.66,9.91,27.24,12.97,0.52,10.06,11.35,2.69,3.27,2,313,Hazardous
155.83,305.4,17.13,10.98,27.05,13.26,0.34,9.75,14.51,2.75,3.41,2,302,Hazardous
104.21,207.47,18.27,10.64,24.48,12.38,0.71,12.97,12.72,1.79,2.42,1.84,288,Poor
97.09,186.99,41.45,32.85,51.49,24.67,0.53,10.5,16.23,2.2,2.58,1.98,261,Poor
137.13,221.46,16.97,9.95,26.71,12.99,0.48,10.68,18.85,2.14,2.49,2,254,Poor
34.94,71.87,17.16,9.95,26.82,13.01,0.55,8.74,15.72,1.59,1.94,1.98,212,Poor
24.18,61.24,17.21,10.04,27.25,13.03,0.8,10.71,16.33,1.56,1.99,2,54,Satisfactory
42.84,81.33,17.28,10.04,27.28,13,0.78,9.2,12.92,2.02,2.7,2,72,Satisfactory
84.92,143.08,17.28,10.24,27.46,13.05,0.41,10.17,22.42,2.18,2.92,2,140,Moderate
84.63,158.85,17.16,10.25,27.34,13.06,0.8,11.04,27.87,2.16,2.65,2,160,Moderate
168.71,313.31,17.19,10.31,27.43,12.92,0.78,12.55,19.71,2.74,3.16,2,285,Poor
189.44,339.69,17.22,10,27.22,13,0.48,16.3,15.22,3.13,3.65,2,358,Hazardous
148.61,260.33,17.22,10.09,27.31,12.99,0.56,20.51,10.01,2.81,3.2,2,334,Hazardous
103.87,180.68,17.23,10,27.24,12.98,0.65,29.92,9.71,2.41,2.72,2,317,Hazardous
86.49,164,17.17,9.91,27.08,13,0.36,13.01,11.08,2.31,3.22,2,259,Poor
42.18,105.92,17.22,10.01,27.23,12.99,0.66,7.93,16.02,1.92,3.16,2,110,Moderate
101.44,190.56,17.24,10.01,26.96,13.01,0.65,11.37,20.02,2.12,2.83,1.98,162,Moderate
147.55,263.97,17.23,10,27.23,13,0.56,11.86,12.65,3.55,4.6,2.01,322,Hazardous
91.41,253.95,17.22,9.98,27.2,13,0.47,13.04,13.14,3.38,4.5,2.01,235,Poor
112.55,180.08,13.18,9.99,23.17,12.99,0.66,18.42,10.24,2.55,2.93,2,280,Poor
57.31,122.03,9.51,10.01,19.52,13,0.59,13.92,7.19,2.37,2.96,2,157,Moderate
24.07,59.83,9.5,9.99,19.5,13,0.67,8.75,13.37,1.91,2.89,2,85,Satisfactory
32.98,88.49,9.5,9.99,19.49,13.01,0.67,10.45,16.72,2.24,3.26,2,74,Satisfactory
39.29,146.1,9.5,9.99,19.49,13,0.48,10.74,16.08,2.83,3.9,2.01,108,Moderate
30.77,80.76,9.53,10.03,19.56,13.08,0.48,16.2,13.5,2.42,3.18,1.98,113,Moderate
31.91,46.08,9.51,10.02,19.54,13,0.63,14.87,11.14,1.81,2.17,2,64,Satisfactory
25.36,39.49,9.52,9.85,19.31,13.04,0.65,12.42,11.47,1.7,2.08,2,44,Good
26.37,51.37,9.83,10.32,19.82,9.12,0.74,13.18,15.19,1.84,2.44,2,47,Good
41.64,69.84,9.6,10.15,19.52,5.02,0.64,8.22,19.66,1.99,2.77,2,60,Satisfactory
60.29,99.83,9.54,10.06,19.6,4.93,0.71,8.9,24.19,2.41,3.08,2,89,Satisfactory
84.89,137.8,9.65,9.93,19.5,5.01,0.5,9.17,26.53,2.93,3.45,2,145,Moderate
87.69,140.27,9.51,10.05,19.2,5.1,0.59,10.68,22.89,3.1,3.37,1.98,183,Moderate
90.75,145.52,10.45,10.6,19.15,5.34,0.16,13.24,23.74,2.99,3.19,1.96,220,Poor
66.85,103.82,11.81,13.89,20.33,5.53,0.5,9.82,21.56,2.38,2.82,1.9,147,Moderate
54.62,84.09,10.47,11.54,20.38,5.25,0.24,11.64,17.87,2.42,2.96,2,106,Moderate
74.16,111.95,10.88,10.78,18.86,5.19,0.82,18.45,17.24,2.74,3.28,1.85,121,Moderate
67,114.79,11.94,12.9,21.4,5.63,0.74,12.39,20.02,3.23,3.99,1.98,123,Moderate
103.57,162.16,14.29,15.08,23.71,6.76,0.7,12.35,19,3.15,3.69,2,187,Moderate
128.64,202.77,11.96,14.02,21.02,6.05,0.66,10.06,19.17,2.99,3,2,291,Poor
86,132.04,11.49,12.72,20.34,5.63,0.54,13.79,17.99,2.62,2.7,2,245,Poor
28.77,44.31,11.17,12.31,17.56,5.95,0.72,4.02,13.14,1.61,1.62,1.93,186,Moderate
24.95,35.96,12.59,14.74,22.04,6.11,0.77,4.81,16.97,1.6,1.8,1.98,43,Good
39.26,47.36,12.76,13.75,21.92,6.29,0.71,7.47,16.45,1.77,2.09,2,59,Satisfactory
30.72,38.24,10.88,11.28,20.2,5.37,0.64,6.67,22,1.76,2.1,1.96,58,Satisfactory
41.03,51.31,12.58,12.41,21.73,5.8,0.81,5.42,24.54,1.74,1.98,1.98,55,Satisfactory
49.45,64.66,13.29,13,21.65,6.2,0.65,5.64,23.2,1.89,1.81,1.98,74,Satisfactory
58.96,85.25,13.08,14.96,21.71,6.77,0.72,6.09,24.27,2.1,2.03,1.98,95,Satisfactory
63.18,80.52,12.08,12.09,21.16,5.65,0.68,5.98,19.51,1.68,1.58,1.93,107,Moderate
108.34,125.24,11.99,11.94,21,5.61,0.62,7.66,20.05,2.09,1.91,2,171,Moderate
52.95,69.41,13.13,13.09,21.88,5.98,0.63,6.56,26.89,2.08,2.13,2,184,Moderate
62.11,84.25,11.19,12.12,20.52,5.7,0.61,5.04,23.21,2,2,2,96,Satisfactory
69.27,101.77,12.78,13.24,21.79,5.93,0.53,7.18,23.26,2.02,1.84,1.98,108,Moderate
97.42,128.35,9.53,9.83,18.23,5.18,0.64,7.05,32.52,1.78,1.63,1.9,210,Poor
52.73,76.1,10.3,10.53,19.5,5.3,0.74,6.27,48.65,1.72,1.74,2,141,Moderate
58.57,84.32,10.44,10.62,20.2,4.87,0.8,6.96,46.13,1.69,1.65,1.96,91,Satisfactory
77.3,105.41,10.48,10.73,19.7,5.17,0.73,11.3,53.99,1.68,1.62,1.98,126,Moderate
80.31,106.95,9.62,10.78,19.14,5.07,0.64,11.47,66.65,1.59,1.57,1.96,156,Moderate
80.8,107.95,10.05,10.88,19.25,5.15,0.75,10.01,66.7,1.62,1.62,1.98,193,Moderate
71.17,97.83,9.78,10.78,17.36,4.97,0.4,7.65,31.33,1.56,1.34,1.75,155,Moderate
71,98.3,9.93,10,19.75,5.04,0.59,8.42,24.9,1.75,1.47,2,111,Moderate
94.38,137.93,9.91,10.38,18.95,5.1,0.42,15.79,40.21,2.62,2.4,1.98,184,Moderate
80.8,115.13,9.91,10.44,18.85,8.93,0.3,12.54,7.82,2.77,2.78,1.9,196,Moderate
78.22,110.89,9.63,10.03,18.02,11.99,0.62,11.43,27,2.61,2.97,1.82,160,Moderate
96.86,134.78,9.35,10.02,19.27,11.99,0.11,8.12,36.13,3.43,3.81,2,221,Poor
65.12,95.22,9.51,9.67,17.61,12.16,0.28,11.92,32.48,2.25,2.44,1.85,156,Moderate
33.39,47.36,10.21,10.43,20.35,11.87,0.6,6.75,38.56,1.74,1.8,2,88,Satisfactory
36.74,46.3,9.75,9.77,19.28,11.99,0.57,7.53,8.63,1.76,1.7,2,58,Satisfactory
24.14,31.7,9.89,10.12,18.84,12.01,0.62,6.32,22.11,1.51,1.52,1.9,46,Good
56.17,80.34,9.68,10.05,19.07,11.94,0.68,20.5,23.77,2.11,1.84,1.92,66,Satisfactory
55.79,76.73,9.78,9.74,19.48,12.02,0.47,6.87,39.56,2.14,2.09,2,103,Moderate
55.64,80.28,9.37,10.19,19.5,11.99,0.73,10.87,36.72,2.02,2.14,2,87,Satisfactory
44.56,73.05,9.55,9.99,18.76,12.1,0.8,17.99,17.71,2.29,2.78,1.94,87,Satisfactory
47,61.51,9.67,10.01,19.68,12.06,0.4,6.24,25.62,1.83,2.09,2,74,Satisfactory
31.25,83.72,9.17,9.89,17.82,11.99,0.66,6.54,20.19,1.45,1.55,1.86,64,Satisfactory
64.93,108.1,9.57,10.17,19.06,11.96,0.68,7.84,15.94,2.09,2.01,1.94,111,Moderate
37.05,69.74,9.44,10.04,19.14,12,0.63,15.16,22.56,1.87,1.92,1.95,98,Satisfactory
21.05,40.05,9.72,10.07,19.58,11.92,0.8,7.78,39.9,1.59,1.84,2,63,Satisfactory
27.42,50.66,9.68,10.01,17.86,11.99,0.73,7.05,40.09,1.5,1.54,1.83,63,Satisfactory
43.96,77.9,9.54,9.93,19.14,12.01,0.6,8.46,43.35,1.85,1.82,2,70,Satisfactory
71.6,130.66,10.19,10.17,20.05,11.96,0.7,11.04,43.22,2.35,2.3,2,108,Moderate
45.03,82.9,9.88,10.69,18.16,11.83,0.73,15.78,38.27,1.88,2.08,1.83,107,Moderate
61.56,94,10.19,10.77,19.76,12.31,0.64,11.17,32.32,2.11,2.12,2,90,Satisfactory
42.4,55.89,10.76,10.82,20.45,11.96,0.64,10.61,23.37,1.66,1.67,2,96,Satisfactory
20.48,36.13,9.53,10.7,19.55,11.84,0.98,6.87,28.73,1.64,1.87,2,55,Satisfactory
27.36,57.69,10,10.35,19.39,11.8,0.55,6.8,31.21,1.69,1.81,1.96,60,Satisfactory
21.43,139.43,10.12,10.15,19.02,12.09,0.47,9.95,27.1,1.96,1.7,1.93,102,Moderate
67.56,103.84,27.82,21,36.62,14.74,0.49,6.95,37.74,2.09,2.14,2,111,Moderate
55.53,94.4,17.32,12.2,26.8,12.12,0.54,7.43,33.11,1.74,1.7,2.05,99,Satisfactory
74.16,128.7,18.61,11.48,27.36,12.04,0.46,8.99,39.2,1.85,1.76,1.94,121,Moderate
62.25,102.49,17.94,13.47,28.51,12.09,0.33,7.3,41.35,1.83,1.85,2,124,Moderate
92.15,166.94,17.97,11.59,26.63,12.4,0.9,9.69,43.9,2.15,2.14,1.95,152,Moderate
113.54,160.38,17.18,11.18,27.37,11.99,0.21,10.05,42.74,2.99,2.63,2,282,Poor
63.68,115.75,17.14,10.13,26.59,12.03,1.03,7.86,42.74,1.94,2.09,1.98,144,Moderate
84.93,187.15,17.48,10.4,26.72,12.02,0.3,9.07,35.77,2.31,2.22,2,190,Moderate
38.88,136.28,18.01,13.17,27.73,12.36,0.5,2.5,37.25,1.71,1.79,2,133,Moderate
42.33,117.43,17.64,11.27,26.66,12.13,0.76,10.04,35.09,1.63,1.63,2.05,112,Moderate
33.14,100.08,16.9,10.48,27,11.82,0.66,8.33,39.73,1.58,1.68,2,107,Moderate
41.33,123.92,17.35,10.41,27.39,11.92,0.78,10.64,43.24,1.91,2.19,2,106,Moderate
69.4,154.93,17.22,10.43,26.33,12.04,0.44,10.13,45.83,2.41,2.76,1.98,132,Moderate
66.39,145.96,18.06,11.42,27.62,12.09,0.87,9.98,45.62,2.11,2.42,1.96,139,Moderate
59.59,144.61,17.56,11.48,27.13,12.19,0.74,11.15,50.25,2,2.07,2,128,Moderate
58.55,134.7,19.04,13.05,29.17,12.23,0.76,9.63,32.13,1.8,1.93,2,121,Moderate
71.27,156.66,21.07,14.77,29.73,12.55,0.31,9.85,30.07,1.79,1.9,1.9,134,Moderate
58.17,133.37,19.01,13.89,27.62,12.37,1.33,7.4,27.53,1.72,2.12,2,127,Moderate
67.24,142.34,17.4,11.73,26.33,12.18,0.64,11.92,29.72,1.7,1.97,1.96,128,Moderate
26.4,83.14,19.15,12.31,29.03,12.12,0.62,11.35,30.35,1.53,1.92,2,108,Moderate
22.15,83.69,17.9,12.55,27.8,12.16,0.83,21.92,29.65,1.44,1.86,1.98,76,Satisfactory
32.33,97.38,17.54,11.96,27.44,12.02,0.78,9.91,29.66,1.55,1.83,1.98,92,Satisfactory
33.46,103.81,18.06,11.38,27.5,11.77,0.61,10.78,30.09,1.61,1.81,1.98,101,Moderate
55.5,135.96,17.43,10.82,26.5,11.8,0.44,13.85,32.2,1.81,1.85,1.94,118,Moderate
22.09,74.89,17.71,11.96,28.12,11.84,0.72,14.65,30.07,1.44,1.56,2,97,Satisfactory
17.61,61.51,17.42,11.14,26.82,12,0.74,11.49,27.23,1.38,1.47,1.98,68,Satisfactory
17,61.08,17.79,11.2,27.07,12.16,0.82,8.51,29.45,1.39,1.51,1.98,59,Satisfactory
25.44,77.68,17.05,11.41,26.88,12.1,0.82,11.62,30.24,1.46,1.76,2,70,Satisfactory
20.71,72.89,17.35,11.81,26.87,12.14,0.82,6.74,32.77,1.43,1.75,2,75,Satisfactory
43.24,115.85,18.82,12.66,28.37,12.29,0.73,9.44,34.08,1.66,2.02,2,96,Satisfactory
40.15,107.64,18.14,13.18,28.04,11.88,0.62,8.1,30.16,1.65,1.99,1.96,107,Moderate
17.08,70.36,17.22,11.62,26.98,11.8,0.78,8.52,36.31,1.39,1.59,2,72,Satisfactory
21.05,70.22,18.49,11.98,28.28,11.71,0.7,12.75,32.14,1.38,1.7,1.98,69,Satisfactory
25.65,83.27,17.4,12.99,27.07,12.15,0.73,21.74,32.95,1.47,1.87,2,79,Satisfactory
38.07,106.34,17.57,12.39,27.5,11.97,0.68,9.82,33.3,1.57,1.94,1.98,95,Satisfactory
41.78,109.94,18.18,10.31,27.98,12.02,0.72,9.56,31.27,1.57,1.84,2,106,Moderate
45.62,118.05,17.72,10.48,25.35,11.93,0.64,9.77,30.51,1.46,1.71,1.83,110,Moderate
39.08,107.8,17.38,10.28,27.28,11.98,0.62,16.11,30.29,1.58,1.94,2,107,Moderate
40.61,110.94,17.07,10.97,27.42,12,0.48,27.59,31.58,1.8,2.12,2,111,Moderate
33.78,100.73,17.69,11.47,27.21,12.03,0.68,23.06,26.71,1.55,2.03,1.98,96,Satisfactory
24.57,77.22,17.13,11.39,26.89,11.98,0.7,19.46,31.11,1.48,2.01,2,93,Satisfactory
30.12,85.69,17.86,10.34,27.64,11.93,0.84,9.34,31.26,1.43,1.88,2,78,Satisfactory
26.35,75.6,18.2,10.94,27.27,12.09,1.27,7.73,29.78,1.43,1.69,1.98,86,Satisfactory
15.6,61.47,18.43,10.79,27.91,11.96,0.86,6.41,28.07,1.36,1.67,2,64,Satisfactory
22.63,72.7,17.79,11.82,27.96,11.84,0.73,7.16,32.26,1.41,1.72,2,66,Satisfactory
20.29,60.78,21.42,13.83,29.21,12.79,0.73,6.22,25.63,1.35,1.62,1.94,71,Satisfactory
12.03,54.63,19.93,12.76,30.41,12.33,0.76,6.2,22.84,1.34,1.53,2.01,54,Satisfactory
17.74,63.75,17.36,11.56,27.43,12.19,0.76,6.7,22.1,1.37,1.67,1.98,60,Satisfactory
21.35,68.57,17.8,11.05,26.97,12.07,0.71,7.21,22.14,1.37,1.66,1.98,67,Satisfactory
21.91,70.76,17.8,10.68,27.51,11.97,0.78,6.82,22.14,1.38,1.54,2,69,Satisfactory
14.18,60.07,18.48,10.29,27.96,12.1,0.77,6.3,22.14,1.32,1.59,1.98,65,Satisfactory
13.97,63.92,17.69,10.82,27.94,11.74,0.78,6.22,22.14,1.34,1.58,2.01,63,Satisfactory
17.52,61.42,17.88,10.69,26.99,12.16,0.76,6.57,22.14,1.34,1.61,1.98,61,Satisfactory
22.8,50.68,17.62,10.84,27.79,12.01,0.69,7.4,22.14,1.42,1.78,2,58,Satisfactory
34.73,68.87,16.81,10.78,25.99,11.93,0.69,8.68,22.14,1.52,1.89,1.94,60,Satisfactory
20.09,34.55,18.33,11.21,28.01,12.03,0.85,8.49,22.14,1.4,1.55,2,45,Good
29.47,59.84,17.65,11.55,27.61,12.12,0.59,9.63,22.14,1.65,1.98,2,52,Satisfactory
22.37,50.46,17.34,10.67,23.17,12.09,0.64,6.33,22.14,1.21,1.4,1.79,59,Satisfactory
32.05,75.31,20.86,18.96,28.66,15.16,0.73,6.55,23.62,1.26,1.5,1.83,68,Satisfactory
22.61,48.2,23.03,17.01,33.2,14.86,0.73,7.65,36.07,1.39,1.75,2,61,Satisfactory
17.45,38.01,18.7,11.4,28.05,12.66,0.7,7.76,42.81,1.38,1.47,1.98,45,Good
8.8,18.03,21.51,11.43,31.09,12.4,0.8,5.88,43.02,1.32,1.42,2,43,Good
11.33,30.5,18.12,11.33,27.79,12.74,0.82,8.85,43.02,1.35,1.54,2,44,Good
16.35,56.92,17.86,12.25,28.27,11.95,0.68,9.64,43.02,1.37,1.54,2,51,Satisfactory
9.84,39.79,19.48,13.03,29.25,12.24,0.79,13.02,43.02,1.33,1.43,2,47,Good
13.72,51.33,21.63,14.02,31.4,12.69,0.74,9.17,43.02,1.36,1.6,2,48,Good
14.67,59.48,23.49,16.84,33.39,12.8,0.84,8.59,43.02,1.31,1.15,2,56,Satisfactory
20.68,78.36,20.44,16.25,32.22,12.53,0.67,8.94,43.02,1.3,1.1,2,68,Satisfactory
15.74,67.22,22.04,16.48,30.38,13.38,0.77,17.19,43.02,1.29,1.09,1.98,74,Satisfactory
14.78,54.18,19.74,15.44,29.59,12.11,0.69,11.17,43.02,1.3,1.1,5.05,60,Satisfactory
11.2,42.21,38.1,32.33,46.31,19.36,0.75,6.42,44.12,1.25,1.06,8.48,51,Satisfactory
13.63,52.77,28.22,21.57,37.97,14.54,0.79,7.08,43.57,1.3,1.1,8.81,56,Satisfactory
24.61,86.73,26.75,19.19,36.02,14.53,0.76,9,43.57,1.3,1.1,8.72,72,Satisfactory
23.98,112.59,25.07,17.26,34.95,13.57,0.76,8.5,43.57,1.3,1.1,8.81,102,Moderate
31.83,130.47,20.2,14.31,29.83,12.69,0.71,7.04,43.57,1.3,1.1,8.81,109,Moderate
27.93,95.68,9.72,4.71,14.19,0.88,0.79,9.36,30.18,3.39,0.04,3.82,93,Satisfactory
34.05,90.68,16.53,9.83,25.86,1.68,0.93,4.27,17.23,5.27,0.89,21.98,96,Satisfactory
38.1,61.67,7.61,3.3,10.9,1.37,0.65,14.74,26.14,7.14,1.94,2.15,88,Satisfactory
40.41,67.91,10.52,3.96,12.79,3.76,0.55,9.97,28.6,4.46,2.02,1.48,71,Satisfactory
27.21,62.04,8.6,7.2,10.64,5.9,0.53,9.63,34.72,3.57,2.08,1.32,69,Satisfactory
29.75,64.56,10.22,5.64,11.21,5.98,0.55,8.67,21.21,4,1.72,1.31,68,Satisfactory
18.35,49.86,9.53,4.55,10.1,5.94,0.51,8.83,27.24,5.97,5.59,7.5,59,Satisfactory
34.43,89.26,9.8,4.23,10.04,5.87,0.66,8.71,37.1,4.85,2.52,1.49,74,Satisfactory
33.66,105.3,10.94,6.56,11.8,5.97,0.73,8.19,21.1,5.69,2.16,1.39,102,Moderate
22.93,73.73,13.33,6.05,10.8,6.34,0.79,12.05,17.26,4.74,1.81,1.28,94,Satisfactory
16,57.51,18.72,5.25,17.25,6.51,0.83,12.05,24.57,7.3,1.96,1.25,80,Satisfactory
22.41,59.18,18.75,5.06,17.87,6.57,0.56,13.4,31.23,4.98,1.65,1.36,77,Satisfactory
13.93,49.87,12.76,3.31,7.67,6.1,0.5,14.95,16.21,2.79,1.66,1.55,48,Good
24.45,49.4,27.37,5.3,24.85,7.27,0.85,16.05,12.58,6.07,1.89,2.33,68,Satisfactory
15.77,44.47,13.35,5.38,13.63,6.2,0.54,15.9,20.96,4.99,2.73,1.79,58,Satisfactory
29.59,71,10.47,7.86,12.9,6.24,0.71,16.42,19.05,6.85,2.43,1.85,58,Satisfactory
30.27,73.77,7.99,8.1,10.54,5.76,0.46,18.14,16.87,4.5,2.51,1.64,74,Satisfactory
25.9,77.68,9.62,4.75,10.27,5.9,0.44,15.09,17.33,4.37,2.27,1.41,72,Satisfactory
38.69,82.66,10.07,4.05,10.31,6.01,0.49,14.44,15.07,4.07,1.45,1.58,83,Satisfactory
53.09,112.6,8.63,5,9.58,5.96,0.51,11.35,17.72,4.88,0.65,1.67,94,Satisfactory
43.67,104.59,10.14,4.64,10.57,5.99,0.61,12.42,13.96,4.7,0.92,1.96,106,Moderate
53.12,120.09,17.13,5.73,16.77,6.57,0.85,13.54,16.92,5.99,1.07,2.17,108,Moderate
56.82,121.89,13.25,6.53,13.7,6.21,0.74,12.52,19.27,7.2,0.99,1.89,117,Moderate
50.45,106.22,13.64,6.51,14.27,6.27,0.74,10.38,11.03,5.31,0.86,1.76,107,Moderate
58.03,106.62,13.94,5.64,14.67,6.25,0.72,12.45,26.84,6.49,0.89,1.99,107,Moderate
57.61,112.63,15.52,4.3,14.77,6.21,0.71,11.66,19.64,5.98,0.96,2.01,98,Satisfactory
74.8,128.72,13.92,6.28,14.43,6.31,0.83,13.5,19.87,6.43,0.66,25.17,135,Moderate
73.44,135.12,16.48,6.34,16.6,6.47,0.95,12.4,15.35,6.67,0.55,49.92,138,Moderate
83.96,151.62,17.66,6.6,17.59,6.62,1,10.71,19.99,7.02,0.57,1.4,158,Moderate
80.65,133.85,16.88,7.57,17.78,6.95,0.88,10.2,22.35,6.95,0.55,1.33,187,Moderate
56.2,108.33,12.07,5.93,12.92,6.42,0.61,10.23,24.06,4.8,0.35,1.27,122,Moderate
51.84,109.52,14.08,5.48,14.22,6.49,0.62,11.54,18.3,4.92,0.4,3.8,110,Moderate
53.9,111.12,10.73,5.4,11.43,6.04,0.59,11.04,18.54,4.51,0.29,2.05,105,Moderate
53.79,117.94,11.51,5.22,11.97,6.14,0.54,10.41,19.03,4.71,0.3,3.57,111,Moderate
47.72,106.01,10.27,4.3,10.48,6.15,0.54,9.55,22.98,4.48,1.08,2.68,108,Moderate
46.9,108.1,18.05,5.96,17.37,6.75,0.73,10.67,16.13,5.49,2.45,3.01,104,Moderate
71.66,130.66,21.97,7.38,21.56,7.01,0.91,9.69,15.62,6.21,3.91,3.96,110,Moderate
92.3,159.18,17.22,7.59,17.86,6.61,0.99,10.21,17.21,3.33,8.64,1.03,190,Moderate
104.11,150.29,12.26,6.84,13.52,6.22,0.82,10.29,18.17,3,6.19,0.9,231,Poor
122.16,180.25,7.8,16.3,11.84,7.79,0.73,9.92,17.49,3.04,5.9,0.81,253,Poor
154.85,224.22,33.17,13.6,33.08,27.94,0.82,9.24,16.2,3.21,6.21,0.76,335,Hazardous
110.06,184.04,36.29,19.43,43.39,40.84,1.29,9.28,14.68,3.47,8.34,0.95,268,Poor
108.09,181.54,17.27,11.43,20.99,22.6,1.01,8.21,22.36,3.42,7.81,0.86,270,Poor
109.17,169.19,9.28,10.06,13.98,12.73,0.99,8.87,24.24,3.29,6.73,0.85,262,Poor
112.71,190.12,7.24,13.46,14.1,12.82,0.89,8.29,26.53,3.43,6.82,0.8,270,Poor
123.26,190.28,14.3,11.76,18.63,19.21,1.02,9.04,14.22,4.25,7.47,0.82,297,Poor
135.98,215.41,4.69,8.11,5.18,5.93,0.98,11.2,18.42,5.01,7.34,1.17,283,Poor
114.56,166.58,4.58,6.33,7.82,4.2,0.69,9.56,16.51,4.44,6.1,1.05,322,Hazardous
53.96,115.54,7.09,6.08,9.39,6.12,0.54,9.81,17.46,4.09,4.62,1.04,148,Moderate
58.85,125.5,15.47,7.78,13.85,17.58,1.02,11.69,9.64,3.88,7.38,1.16,117,Moderate
46.3,84.99,15.71,9.68,14.7,17.99,0.79,8.19,7.92,3.67,6.04,1.02,100,Satisfactory
45.3,72.48,38.26,8.67,35.9,7.29,0.74,9.2,9.4,3.36,4.68,0.89,82,Satisfactory
96.95,162.86,4.57,17.22,13.93,1,0.85,10.64,12.77,1.5,5.61,3.76,245,Poor
63.35,122.19,3.11,10.68,13.76,0.7,0.5,8.08,17.52,1.19,3.48,3.4,165,Moderate
42.54,70.69,3.11,9.85,12.88,0.65,0.42,9.32,17.13,1.03,2.63,3.77,94,Satisfactory
61.85,100.77,5.34,25.44,28.08,6.43,0.67,9.22,14.66,1.15,3.57,3.38,87,Satisfactory
84.1,125.61,1.32,17.06,18.48,9.59,0.53,9.45,8.15,6.91,1.82,0.97,256,Poor
44.9,76.48,2.6,18.03,20.07,5,0.45,10.79,8.99,5.24,1.92,1.19,107,Moderate
46.55,93.05,17.99,51.27,68.73,5,0.87,11.2,7.16,6.89,2.25,1.14,80,Satisfactory
61.28,138.26,16.84,48.98,66.05,5,0.84,9.71,4.22,7.59,2.31,1.12,111,Moderate
32.56,64.7,18.8,52.22,70.53,5,0.85,10.94,5.34,7.25,2.22,1.22,88,Satisfactory
42,74.34,28.32,29.43,51.8,5,0.85,10.01,5.92,8.14,1.73,7.16,100,Satisfactory
50.57,91.07,40.39,8.06,36.97,5,0.88,10.77,7.12,9.66,0.67,0.21,95,Satisfactory
55.52,105.75,27.53,10.22,27.17,5,0.77,10.78,8.14,7.55,0.45,0.17,92,Satisfactory
59.05,98.34,8.75,12.28,13.41,5,0.73,10.18,10.13,7.16,0.41,0.14,107,Moderate
78.39,120.04,11.61,11.11,14.88,5,0.61,8.67,11.23,6.4,0.31,0.16,122,Moderate
81.14,140.46,25.39,15.46,27.98,5,0.77,6.36,12.77,7,0.39,0.11,166,Moderate
91.88,171.84,59.58,13.5,52.75,24.2,1.3,9.59,12.55,10,0.86,0.29,199,Moderate
92.12,167.97,70.94,5.08,59.09,35.57,1.25,9.06,13.89,10.36,0.92,0.22,204,Poor
77.58,135.81,44.31,10.6,41.3,44.06,0.96,10.33,9.78,8.15,0.65,0.15,186,Moderate
69.8,133.11,43.97,12.89,42.09,49.26,1,10.46,8.77,8.82,0.64,4.82,139,Moderate
69.48,111.77,33.52,14.4,33.18,40.21,0.87,10.54,10.45,2.09,0.48,1.27,142,Moderate
97.55,196.46,29.9,21.94,34.45,36.14,0.92,11.4,8.56,3.31,0.46,1.09,157,Moderate
90.07,153.17,27.56,20.88,32.57,35.75,0.86,11.91,8.73,3.3,0.43,1,218,Poor
119.05,175.51,33.79,21.97,38.56,45.27,1.06,10.15,7.86,3.43,0.65,1.05,211,Poor
108,141,34.59,23.28,40.18,47.58,1.01,8.2,8.47,3.49,0.63,1.15,307,Hazardous
21.86,53.35,6.07,14.69,12.52,46.26,0.4,7.97,13.21,3.38,0.25,0.8,115,Moderate
39,70.49,8.42,14.96,14.58,57.1,0.48,10.16,4.84,3.37,0.26,0.99,44,Good
39.25,63.12,7.44,11.3,11.79,43.62,0.51,9.65,5.81,3.27,0.18,1.04,70,Satisfactory
41.79,77.26,7.23,10.15,11.16,31.34,0.53,6.58,3.7,3.04,0.18,0.76,69,Satisfactory
61.95,101.09,4.68,12.21,9.97,37.32,0.53,6.01,4.85,3.04,0.14,0.73,89,Satisfactory
49.36,82.55,6.34,11.18,10.87,33.79,0.62,5.7,3.93,4.8,0.22,0.74,95,Satisfactory
91.41,119.91,7.9,14.2,13.76,33.11,0.66,7.77,5.84,7.02,0.29,0.84,149,Moderate
98.48,132.54,8.48,14.95,14.25,42.05,0.8,8.64,8.29,8.3,0.25,0.88,204,Poor
68.55,119.96,5.88,11.44,10.79,40.98,0.8,5.95,8.99,7.21,0.21,2.3,199,Moderate
46.06,87.11,2.7,11.25,8.04,36.8,0.62,6.88,11.38,0.08,0.13,0.83,101,Moderate
41.79,83.61,6.97,12.09,11.87,40.76,0.66,6.83,8.97,4.17,0.22,0.69,80,Satisfactory
67.27,132.94,10.35,13.21,15.23,36.41,0.72,6.88,8.48,7.96,0.21,0.81,110,Moderate
35.08,65.55,3.48,9.79,7.92,26.09,0.49,5.65,9.85,5.42,0.11,0.65,96,Satisfactory
38.86,79.99,2.22,10.41,7.23,22.17,0.49,6.14,10.21,4.76,0.11,0.62,69,Satisfactory
61.39,131.32,3.7,14.23,10,25.4,0.58,4.76,6.78,6.06,0.18,0.5,97,Satisfactory
77.1,156.58,12.15,11.78,14.9,25.82,0.69,6.58,6.12,6.54,0.24,0.64,127,Moderate
58.68,99.91,11.84,12.41,16.18,24.38,0.77,5.62,9.04,7.95,0.24,0.68,149,Moderate
72.34,140.37,38.14,16.28,36.66,26.86,1.04,6.59,6.52,8.77,5.1,1.28,102,Moderate
77.06,145.42,49.23,14.74,48.79,24.95,1.24,7.27,6.62,10.96,0.42,0.72,206,Poor
63.22,135.76,46.81,15.96,45.21,24.73,1.11,7.79,8.1,9.14,0.38,0.78,132,Moderate
45.65,102.2,40.57,13.18,39.43,29.29,0.97,8.9,22.51,7.93,0.74,0.88,109,Moderate
45.79,94.86,36.01,11.14,34.87,46.37,0.93,11.32,14.29,8.27,1.11,0.99,102,Moderate
53.46,108.55,23.92,13.16,26.12,45.85,0.84,9.13,9.92,7.1,0.64,1.01,100,Satisfactory
51.15,106.42,6.6,13.63,12.1,35.98,0.64,8.39,9.66,5.65,0.23,0.9,109,Moderate
37.92,65.35,10.22,12.04,14.32,38.35,0.57,9.79,6.99,5.4,0.14,0.98,85,Satisfactory
28.87,48.29,29.12,11.69,29.7,39.27,0.79,8.73,8.44,6.69,0.18,1.02,56,Satisfactory
31.92,43.82,18.41,9.94,19.91,38.98,0.61,7.9,10.9,4.94,0.16,0.91,48,Good
28.35,47.36,3.41,11.19,8.54,35.22,0.44,5.58,12.51,4.01,0.37,0.81,49,Good
27.82,63.04,7.97,11.61,12.46,33.56,0.5,6,10.61,4.62,0.22,0.26,58,Satisfactory
46.57,108.09,19.2,15.57,23.47,24.35,0.76,6.55,8.43,6.31,0.16,0.31,80,Satisfactory
75.8,165.63,17.43,17.6,23.12,24.83,0.92,9.83,6.26,9.58,0.16,0.39,123,Moderate
63.64,120.83,18.37,15.63,23.05,29.22,0.88,7.38,7.63,8.33,0.17,0.32,170,Moderate
39.14,73.4,13.13,9.24,15.17,33.17,0.69,6.7,8.2,6.8,0.16,0.25,88,Satisfactory
46.49,85.04,12.44,12.03,16.45,31.7,0.68,7.03,9.22,6.39,0.16,0.3,77,Satisfactory
40.07,79.2,7.15,11.91,11.96,29.08,0.67,6.47,8.12,6.54,0.15,0.27,80,Satisfactory
48.86,90.27,16.22,10.91,18.44,41.64,0.75,7.18,6.46,6.81,0.19,0.25,85,Satisfactory
58.57,134,18.14,11.8,20.29,47.37,0.69,8.39,8.28,6.26,0.19,1.71,110,Moderate
46.76,96.89,20.11,11.33,22.08,35.94,0.78,7.99,10.35,6.54,0.29,0.97,112,Moderate
54.78,127.45,27.83,13.64,29.01,42.26,0.96,6.46,8.95,7.74,0.44,0.83,93,Satisfactory
65.75,140.69,38.7,16.84,39.52,43.79,1.03,9.06,9.56,9.44,0.6,1.04,136,Moderate
41.75,93.67,18.17,12.43,21.1,48.99,0.73,7.32,6.54,6.48,0.46,0.91,112,Moderate
29.8,72.37,1.59,10.72,6.48,50.54,0.43,5.37,12.63,3.94,0.14,0.68,73,Satisfactory
27.35,82.96,1.26,13.16,7.67,48.75,0.54,5.84,14.54,4.31,0.11,0.58,75,Satisfactory
50.16,107.88,35.84,13.38,35.43,35.96,1.03,7.56,3.2,6.75,0.28,0.83,99,Satisfactory
63.05,108.46,29.72,14.09,31.22,32.77,0.9,8.11,11.11,5.95,0.15,1.05,117,Moderate
70.05,123.37,26.66,18.67,31.12,36.16,0.98,8.26,9.31,8.21,0.36,2.29,93,Satisfactory
40.04,89.37,15.87,17.71,21.46,70.87,0.64,7.53,10.27,5.05,0.25,0.73,142,Moderate
23.83,68.76,6.6,16.39,13.86,65.83,0.51,7.44,8.83,0,0,0,72,Satisfactory
26.33,65.41,4.78,11.56,9.73,52.34,0.46,5.88,9.77,3.21,0.15,0.46,76,Satisfactory
33.27,66.36,4.48,12.56,7.49,68.76,0.6,6.3,7.45,5.07,0.24,0.69,55,Satisfactory
46.01,85.01,3.21,15.01,5.53,79.53,0.82,7.97,12.24,7.04,0.38,0.85,95,Satisfactory
36.92,82.32,4.52,12.5,10,52.13,0.57,6.96,13.45,5.16,0.16,0.79,75,Satisfactory
45.69,115.3,17.36,14.34,20.79,48.4,0.76,7.01,10.43,5.97,0.3,0.77,95,Satisfactory
48.43,112.21,32.31,16.22,34.89,45.63,0.87,8.97,11.01,7.08,0.42,0.82,113,Moderate
44.5,85.81,1.37,11.9,7.21,41.06,0.5,7.05,13.06,4.56,0.15,0.69,98,Satisfactory
44.26,93.7,15.06,13.75,18.79,51.85,0.71,7.71,9.21,5.77,0.33,0.8,83,Satisfactory
52.11,95.92,29.84,17.65,28.07,52.94,0.82,9.1,9.83,6.73,0.42,0.94,102,Moderate
56.44,94.22,9.91,15.27,15.03,37.51,0.67,7.94,10.93,5.92,0.24,0.79,91,Satisfactory
58.61,103.76,23.06,19.65,28.42,24.01,0.82,10.03,9.18,6.61,0.3,0.92,101,Moderate
58.08,109.57,25.78,18.27,30.22,26.54,0.89,8.69,10.81,6.72,1.58,3.27,109,Moderate
55.99,118.21,18.39,17.75,24.25,34.43,0.85,8.71,11.89,6.74,2.6,0.9,109,Moderate
54.47,114.12,3.68,15.96,11.31,32.97,0.65,8.35,19.25,5.87,0.17,0.76,110,Moderate
45.96,94.73,1.7,14.52,8.96,33.61,0.59,9.29,17.07,5.64,0.16,0.77,102,Moderate
38.65,96.46,1.54,13.63,8.36,36.75,0.49,8.37,16.15,4.98,0.2,0.76,94,Satisfactory
38.73,92.66,1.43,14.94,8.94,36.5,0.56,9.09,17.84,4.98,0.14,0.82,94,Satisfactory
44.75,97.01,10.51,18.43,17.9,30.26,0.68,9.39,12.34,5.74,0.21,1.08,99,Satisfactory
37.34,84.86,6.64,17.18,14.42,29.55,0.61,8.07,15.63,5.3,0.2,0.91,88,Satisfactory
39.85,114.47,4.45,17.63,12.56,50.52,0.66,9.85,11.62,5.45,0.2,3.38,94,Satisfactory
49.94,140.48,29.86,23.78,36.57,47.46,1,8.79,12.05,8.7,0.41,2.84,124,Moderate
40.09,105.55,3.48,22.32,14.23,51.36,0.66,10.52,10.35,5.38,0.22,2.71,114,Moderate
17.74,36.33,5.72,19.61,14.1,51.13,0.58,11.11,8.22,4.37,0.12,2.94,72,Satisfactory
28.86,59.53,9.04,16.27,15.75,56.93,0.61,9.63,15.11,5,0.16,3.21,50,Good
26.21,65.46,11.93,16.68,18.18,54.07,0.67,10,15.54,5.4,0.15,3.91,64,Satisfactory
22.11,68.15,8.68,14.65,14.71,57.43,0.54,10.26,14.02,4.5,0.17,4.41,61,Satisfactory
31.08,78.66,8.84,17.82,16.43,53.71,0.65,11.05,13.07,5.38,0.18,1.27,78,Satisfactory
36.76,96.77,23.97,21.72,30.21,42.06,0.91,11.17,11.33,6.28,0.17,1.41,83,Satisfactory
55.33,122.12,20.93,22.96,28.95,44.13,1.03,11.55,10.96,8.48,0.24,1.37,112,Moderate
48.22,112.13,9.79,19.63,18.3,60.86,0.79,9.13,14.79,7.02,0.21,1.09,112,Moderate
24.21,56.88,12.13,19.64,19.59,59.45,0.63,8.1,13.73,5.02,0.15,1.2,86,Satisfactory
16.87,53.56,26.74,19.34,31.78,51.59,0.7,9.37,10.24,5.43,0.13,1.31,62,Satisfactory
32.21,75.25,21.81,19.91,27.96,51.7,0.72,11.08,9.32,5.67,0.15,1.3,66,Satisfactory
35.14,90.3,9.78,16.91,16.8,66.95,0.6,9.75,12.35,5.31,0.13,1.27,82,Satisfactory
35.6,101.85,14.24,21.84,22.8,68.95,0.77,10.94,12.72,6.69,0.16,1.21,97,Satisfactory
20.93,64.03,6.33,21.44,16.33,58.7,0.52,8.94,13.74,4.8,0.14,1.16,86,Satisfactory
13.67,38.03,4.61,17.43,12.82,58.92,0.4,7.91,11.92,3.56,0.93,47.4,49,Good
13.4,26.33,18.12,12.2,20.48,59.19,0.57,6.45,5.37,3.66,2.35,116.62,35,Good
22.56,46.29,26.85,14.69,29.63,55.11,0.66,8.51,12.53,5.13,2.25,1.11,62,Satisfactory
21.62,53.89,1.64,13.26,8.13,54.32,0.38,7.63,15.71,3.43,2.65,0.87,47,Good
29.78,76.2,7.71,18.13,15.51,64.07,0.6,9.69,12.53,4.58,2.53,1.23,69,Satisfactory
27.87,69.71,11.05,20.98,19.56,63.51,0.63,8.38,10.97,5.07,2.87,1.14,74,Satisfactory
19.08,38.09,7.16,19.73,15.69,69.07,0.54,8.23,15.5,3.99,2.84,0.64,49,Good
17.86,40.9,6.34,18.04,14.58,69.88,0.46,8.05,17.15,3.59,2.84,0.78,50,Good
9.63,23.2,4.21,12.29,9.75,69.21,0.38,10.93,16.26,3.1,2.96,0.75,29,Good
10.57,36.5,4.62,9.66,8.78,82.11,0.46,9.47,15.62,3.49,2.61,1,30,Good
21.2,70.76,3.76,9.14,7.39,87.95,0.47,10.27,12.37,3.51,1.5,0.8,56,Satisfactory
18.52,76.08,2.35,8.04,6.29,100.35,0.5,9.45,15.24,3.93,0.15,0.7,77,Satisfactory
20.51,82.33,1.72,8.72,5.92,79.79,0.56,9.75,15.7,4.28,0.16,0.8,79,Satisfactory
23.59,83.69,4.97,11.22,9.8,75.59,0.66,10.23,14.59,5.24,0.26,1.03,85,Satisfactory
24.17,78.67,9.26,12.79,14.12,75.77,0.76,14.03,14.31,6.09,0.34,1.06,79,Satisfactory
21.88,74.23,7.22,12.43,12.3,72.55,0.71,13.58,14.99,5.94,0.33,1.14,76,Satisfactory
18.63,42.79,4.03,9.7,8.37,60.29,0.53,11.7,14.6,4.08,0.22,1.11,62,Satisfactory
14.77,38.24,2.41,10.02,7.16,53.38,0.54,11.08,15.03,4.12,0.21,1.18,39,Good
16.69,34.29,2.07,9.91,6.82,50.69,0.5,11.95,13.7,3.98,0.21,1.22,36,Good
15.43,37.65,3.62,8.88,6.15,42.77,0.52,11.13,13.78,3.58,0.19,1.17,35,Good
13.28,40.33,1.85,8.79,6.07,41.23,0.5,10.54,12.43,3.53,0.13,1.11,39,Good
18.86,34.12,2.98,9.17,6.85,40.12,0.5,9.61,10.49,3.78,0.16,1.09,40,Good
7.73,15.78,1.67,9.4,6.25,34.53,0.38,9.64,14.02,2.74,0.11,1.06,26,Good
18.82,41.48,1.33,9.31,5.96,41.67,0.3,10.6,17.01,2.75,1.56,0.78,30,Good
12.34,29.51,1.55,10.05,6.48,48.87,0.38,9.61,17.27,2.98,0.26,0.83,38,Good
15.51,39.66,1.46,10.85,6.85,43.04,0.49,9.39,13.55,3.64,0.13,0.99,34,Good
12.25,26.47,2.32,10.86,7.53,39.2,0.4,10.8,14.86,2.87,0.13,1.08,32,Good
11.2,31.54,1.47,9.8,6.3,34.46,0.39,8.68,19.4,2.94,0.11,0.99,34,Good
11.91,22.03,1.53,11.26,7.14,32.8,0.39,7.84,19.39,2.93,0.1,0.95,33,Good
12.77,29.32,1.47,11.97,7.43,32.37,0.46,10.1,20.12,3.27,0.1,1.01,34,Good
15.43,34.61,2.15,13.07,8.54,33.74,0.54,10.4,17.37,3.59,0.18,1.2,35,Good
20.93,47.96,1.66,10.91,6.06,46,0.41,12.81,22.15,3.1,0.82,1.48,41,Good
11.46,40.6,0.98,9.63,5.81,49.62,0.38,7.77,20.86,3.09,0.46,0.86,45,Good
11.19,33.44,1.66,11.89,7.54,40.9,0.42,9.68,21.26,2.75,0.51,1.02,38,Good
10,24.49,2.22,12.34,8.22,39.61,0.5,9.6,19.04,3.02,0.57,1.17,35,Good
12.37,35.91,1.98,11.89,7.79,36.11,0.47,9.6,20.02,3.23,0.56,1.14,36,Good
14.16,42.72,2.58,11.66,8.18,34.48,0.53,10.29,22.93,3.47,0.64,1.22,42,Good
15.62,44.12,1.34,10.16,6.38,33.38,0.51,12.02,27.2,3.32,0.62,1.13,46,Good
19.73,44.85,1.68,10.72,6.95,31.33,0.54,9.92,26.65,3.43,0.63,1.16,45,Good
18.52,56.62,1.93,11.69,7.66,29.25,0.57,10.29,32.23,3.61,0.64,0.98,56,Satisfactory
22.97,82.04,1.34,11.23,6.94,23.31,0.49,10.92,38.63,3.73,0.66,0.89,71,Satisfactory
21.93,61.39,2.49,11.04,7.75,24.21,0.59,13.23,22.37,3.79,0.74,1.26,74,Satisfactory
10.05,41.58,1.41,10.35,6.56,28.06,0.37,8.81,29.03,2.12,0.48,0.95,55,Satisfactory
6.86,22.51,2.12,10.47,7.17,28.76,0.41,8.56,26.86,2.05,0.5,1.08,39,Good
11.4,20.39,3.53,11.89,9.05,31.13,0.57,9.65,17.41,2.53,0.54,1.37,34,Good
12.87,32.33,3.78,13.35,9.8,46.36,0.47,13.26,20.84,3.33,0.52,1.12,37,Good
11.29,24.44,3.23,12.47,9.09,43.25,0.58,9.62,23.17,2.82,0.56,1.23,41,Good
16.05,35.61,3.05,12.3,8.83,34.79,0.59,10.74,30.31,2.84,0.58,1.23,50,Good
14.91,43.08,2.89,13.2,9.2,31.08,0.6,11.72,31.17,3.13,0.64,1.19,57,Satisfactory
17.25,60.12,2.01,11.93,7.88,28.7,0.57,13.36,38.25,3.48,0.58,1.14,63,Satisfactory
12.34,25.87,2.4,12.06,8.22,27.13,0.53,11.13,28.09,2.83,0.46,1.15,51,Satisfactory
10.3,21.14,2.82,12.76,8.9,27.6,0.53,11.83,23.89,2.89,0.44,1.19,35,Good
12.25,34.79,3.56,13.24,9.54,37.29,0.45,10.82,17.08,3.07,3.01,1.12,40,Good
14.57,40.93,2.7,12.76,8.84,49.89,0.59,13.77,24.1,3.66,0.54,1.05,40,Good
21.39,59.34,1.7,10.33,6.78,34.73,0.56,13.18,20.02,3.12,0.5,1.02,54,Satisfactory
11.87,39.78,3.79,16.82,11.44,27.54,0.7,14.48,,3.13,0.61,1.3,59,Satisfactory
313.22,607.98,69.16,36.39,110.59,33.85,15.2,9.25,41.68,14.36,24.86,9.84,472,Severe
186.18,269.55,62.09,32.87,88.14,31.83,9.54,6.65,29.97,10.55,20.09,4.29,454,Severe
87.18,131.9,25.73,30.31,47.95,69.55,10.61,2.65,19.71,3.91,10.23,1.99,143,Moderate
151.84,241.84,25.01,36.91,48.62,130.36,11.54,4.63,25.36,4.26,9.71,3.34,319,Hazardous
146.6,219.13,14.01,34.92,38.25,122.88,9.2,3.33,23.2,2.8,6.21,2.96,325,Hazardous
149.58,252.1,17.21,37.84,42.46,134.97,9.44,3.66,26.83,3.63,7.35,3.47,318,Hazardous
217.87,376.51,26.99,40.15,52.41,134.82,9.78,5.82,28.96,4.93,9.42,5.21,353,Hazardous
229.9,360.95,23.34,43.16,51.21,138.13,11.01,3.31,30.51,5.8,11.4,4.83,383,Hazardous
201.66,397.43,19.18,38.56,45.6,140.6,11.09,3.48,32.94,5.25,11.12,5.26,375,Hazardous
221.02,361.74,24.79,46.39,55.19,134.06,9.7,5.91,34.12,4.87,9.44,4.76,376,Hazardous
205.41,393.2,28.46,47.29,57.88,131.1,10.98,5.54,50.37,5.93,10.59,5.36,379,Hazardous
212.41,345.63,24.77,44.71,54.66,148.51,9.3,5.17,40.08,6.2,10.68,4.59,375,Hazardous
197.61,301.04,34.28,45.88,62.95,145.48,11.52,5.95,39.54,5.18,9.5,4.17,366,Hazardous
164.39,227.38,20.78,41.17,48.09,166.7,10.32,4.85,42.05,4.57,10.72,3.06,353,Hazardous
166.19,283.93,47.91,56.7,79.73,124.64,10.81,6.94,43.25,6.98,20.55,3.08,340,Hazardous
174.98,309.99,42.33,49.41,70.6,136.4,11.46,4.69,34.7,7.75,15.83,3.75,356,Hazardous
196.46,356.2,42.18,53.04,80.18,125.49,8.87,5.13,25.77,9.92,17.59,3.36,360,Hazardous
201.51,359.75,45.51,53.77,75.83,120.45,8.99,5.43,23.22,9,20.95,4.03,370,Hazardous
183.35,305.13,27.32,39.88,55.67,148.49,9.02,4.21,25.34,5.57,12.93,3.62,362,Hazardous
165.63,257.04,16.47,34.23,37.68,146.31,8.03,4.11,22.69,3.42,6.76,3.28,340,Hazardous
159.54,235.27,12.27,22.56,33.02,63.23,9.01,7.05,18.56,4.1,8.26,2.72,338,Hazardous
143.68,183.89,14.75,21.82,34.88,39.65,10.58,8.64,6.94,4.15,9.54,2.78,332,Hazardous
128.73,136.07,11.99,17.35,29.46,39.98,8.74,6.77,10.91,2.51,7.64,2.49,254,Poor
164.98,200.02,10.38,15.77,25.49,38.77,9.39,8.89,9.35,2.6,5.5,2.94,324,Hazardous
148.59,203.81,11.82,20.83,28.29,45.62,11.44,5.96,16.65,3.37,6.98,2.94,333,Hazardous
129.34,137.86,12.46,25.66,29.48,60.96,10.19,6.78,18.18,3,5.87,2.51,292,Poor
154.2,217.2,14.41,30.39,34.63,40.96,10.36,6.42,17.11,3.31,6.31,3.07,318,Hazardous
134.6,156.9,18.96,28.6,35.57,49.71,10.21,5.21,15.23,3.27,6.86,2.63,295,Poor
173.13,277,23.14,38.34,48.89,62.03,11.74,5.53,16.29,4.02,9.84,3.42,327,Hazardous
178.04,272.61,19.8,38.43,44.45,69.78,11.58,6.43,14.91,3.65,6.61,3.35,345,Hazardous
158.59,207.06,30.67,41.36,57.77,67.66,8.7,5.03,17.51,4.36,8.98,2.54,334,Hazardous
211.59,371.05,57.56,58.17,93.17,96.69,13.08,9.9,23.28,6.65,15.45,3.36,358,Hazardous
163.64,219.84,13.7,37.25,39.34,84.49,10.59,5.31,28.38,2.53,4.69,2.58,349,Hazardous
157.71,194.09,12.28,31.05,34.1,66.38,8.21,5.64,28.56,2.13,4.24,1.12,334,Hazardous
137.26,147.08,15.21,29.69,36.06,53.28,9.11,5.06,15.07,3.04,6.31,2.79,313,Hazardous
131.76,127.42,23.15,36.51,47.4,51.24,8.18,4.85,21.7,4.92,10.17,3.33,262,Poor
151.6,330.99,46.66,67,84.76,63.45,5.51,9.13,33.92,9.46,19.7,9.77,303,Hazardous
160.75,210.52,37.54,57.69,71.68,58.15,10.28,6.91,43.44,5.5,14.95,6.68,329,Hazardous
145.34,215.69,30.54,50.39,61.78,66.72,5.39,8.66,30.43,2.42,6.5,0.57,323,Hazardous
134.67,109.86,19.95,39.18,44.48,74.29,5.11,9.7,20.62,2.59,3.17,1.24,266,Poor
153.07,218.23,23.41,42.2,48.01,79.54,10.88,5.81,19.02,5.58,7.1,7.93,319,Hazardous
116.91,316.14,33.79,53.63,64.04,95.13,12.64,7.54,27.17,5.96,5.59,10.72,334,Hazardous
177.98,394.97,30.48,42.73,58.19,69.47,13.75,9.2,25.58,3.5,7.38,10.65,342,Hazardous
167.01,328.43,32.23,44.61,55.13,83.96,11.26,7.77,27.62,3.53,7.69,11.45,341,Hazardous
193.96,412.46,81.47,53.81,107.76,137.27,11.73,9.36,34.22,9.01,17.88,14.17,377,Hazardous
184.06,497.37,44.16,58.15,75.98,61.89,13.78,9.13,40.91,4.79,8.98,12.44,391,Hazardous
152.62,310.74,24.32,44.22,49.67,74.74,11.55,6.79,34.36,2.84,5.37,3.49,358,Hazardous
161.27,195.78,23.71,25.4,42.76,75.66,10.3,5.6,41.62,3.04,5.62,3.78,327,Hazardous
188.2,253.53,69.2,60.29,104.31,79.83,16.23,8.65,36.54,8.34,16.27,4.38,365,Hazardous
159.97,193.78,24.53,40.51,47.8,81.44,13.11,5.08,31.88,3.11,6.12,3.49,352,Hazardous
144.12,162.2,18.1,34.71,40.32,81.04,11.45,5.93,31.61,2.35,6.76,4.07,317,Hazardous
155.38,191.03,35.51,45.11,57.91,69.59,14.21,12.24,30.11,4.69,16.48,9.41,320,Hazardous
124.1,107.61,15.38,31.83,32.15,70.25,9.73,5.68,27.19,0.88,3.13,1.44,279,Poor
141.39,157.01,21.95,38.23,42.71,36.38,9.29,9.43,36.86,2.02,11.23,10.87,281,Poor
170.16,238.33,36.04,48.4,60.78,34.14,14.17,9.28,37.39,4.28,22.47,17.65,354,Hazardous
148.19,169.57,14.79,29.28,34.14,34.91,14.13,5.94,31.57,2.06,6.92,1.75,340,Hazardous
140.78,171.64,11.34,20.95,26.65,23.22,13.61,6.98,28.72,1.81,6.96,3.64,323,Hazardous
130.42,163.67,13.85,24.75,31.46,22.36,12.78,12.12,34.08,2.14,8.56,4.34,315,Hazardous
105.86,169.28,9.21,20.65,25.3,16.49,11.8,12.48,41.38,1.97,7.83,1.25,310,Hazardous
71.83,98.89,8.49,21.42,19.55,12.44,11.62,10.99,22.51,1.38,4.63,2.6,324,Hazardous
53.71,60.15,11.02,13.43,20.48,19.11,10.19,3.21,22.08,0.91,3.45,0.69,226,Poor
83.49,112.1,16.23,23.75,30.88,16.04,11.72,5.07,20.83,2.13,8.11,2.41,266,Poor
91.07,139.15,13.71,24.28,28.73,17.44,10.64,4.68,25.83,1.6,8.05,6.62,200,Moderate
106.57,196.19,25.97,31.12,45.48,28.86,9.36,5.97,32.88,3.27,15.12,10.65,275,Poor
101.75,163.14,20.56,26.59,34.17,32.04,10.55,5.96,33.67,2.45,9.31,7.14,322,Hazardous
77.57,90.54,12.07,19.15,24.66,16.83,9.48,5.18,23.09,1.68,6.31,1.25,216,Poor
63.24,80.2,13.52,20.35,27.44,16.12,8.19,3.98,20.71,1.69,6.09,1.35,108,Moderate
76.62,117.38,10.49,18.21,22.84,15.2,9.02,4.2,22.85,1.12,4.32,1.97,197,Moderate
86.7,150.92,11.44,18.82,25.78,18.88,7.98,3.84,25.87,1.51,5.62,4.8,238,Poor
104.29,176.2,14.94,25.63,32.66,29.48,10.76,6.3,29.62,2.32,7.74,1.91,274,Poor
115.93,203.75,18.48,32.29,37.84,30.72,11.3,7.03,35.05,2.9,12.42,15.16,315,Hazardous
108.66,173.89,15.61,30.75,37.02,23.31,10.23,10.65,34.05,3.41,14.88,9.81,307,Hazardous
67.94,105.29,14.3,29.78,32.1,29.21,9.18,10.14,23.39,2.42,9.14,0.8,208,Poor
38.89,46.68,9.49,17.76,21.45,30.59,8.23,4.25,22,1.03,4.45,1.38,165,Moderate
45.39,74.14,10.2,17.14,22.27,33.16,7.87,8.8,25.55,1.05,4.83,0.74,188,Moderate
55.55,104.33,12.18,20.96,25.28,39.8,10.45,7.19,23.11,1.55,6.39,4.07,217,Poor
50.59,95.56,9.32,16.6,21.74,39.16,7.83,3.6,27.5,1.11,4.42,3.67,191,Moderate
69.51,136.67,14.05,23.77,30.29,36.77,7.89,4.97,27.07,3.23,8.67,7.55,240,Poor
96.62,168,19.15,29.04,37.12,35.07,9.59,6.66,29.01,5.67,17.61,22.01,229,Poor
96.28,172.91,20.18,29.21,37.78,32.01,8.82,7.31,25.97,7.79,16.65,17.47,248,Poor
72.2,122.12,9.39,20.27,23.15,32.52,8.5,4.4,25.48,2.67,6.07,5.96,204,Poor
78.47,131.42,12.57,23.04,28.5,32.13,8.6,4.07,27.1,5.45,13.55,10.98,271,Poor
91.87,179.36,21.3,30.01,40.31,31.79,10.1,7.35,34.78,9.72,16.21,15.64,290,Poor
107.26,201.08,21.52,33.82,42.98,27.92,11.69,11.82,45.78,4.93,11.03,9.98,340,Hazardous
109.78,217.9,24.1,33.02,44.26,28,12.67,9.3,40,6.64,10.31,2.53,358,Hazardous
62.27,117.81,12.01,24.76,27.71,27.34,9.29,10.91,31.08,4.14,4.26,2,287,Poor
102.22,212.96,22.14,29.41,40.44,32.82,10.47,17.16,40.23,3.87,9.33,2.54,323,Hazardous
104.36,202.01,23.55,33.86,43.2,37.35,14.42,16.92,32.84,3.96,9.87,2.51,360,Hazardous
44.19,57,7.11,17.6,19.91,28.77,9.58,7.75,26.81,1.45,3.4,1.53,268,Poor
55.66,78.64,10.22,20.13,26.74,30.62,9.56,9.34,34.15,2.01,4.89,1.8,283,Poor
112.86,167.6,24.6,32.71,45.12,36.05,10.15,19.48,38.45,4.04,9.07,2.42,309,Hazardous
78.51,112.78,9.82,20.54,27.51,31.04,6.72,14.37,35.54,2.17,4.2,2.32,249,Poor
66.52,76.05,11.21,18.47,27.79,35.48,8.24,10.62,24.85,2.32,5.02,3.05,245,Poor
62.56,86.11,10.66,24.96,30.36,28.46,5.52,12.94,27.98,2.39,6.04,2.45,229,Poor
78.61,145.1,13,27.75,39.45,32.3,7.97,16.72,40.79,3.3,8.08,2.19,234,Poor
119.7,195.47,34.3,32.83,59.96,44.66,11.01,16.63,30.32,5.7,14.32,2.64,343,Hazardous
66.09,95.81,7.57,24.47,30.04,29.78,7.29,8.34,43.23,1.89,4.65,1.89,262,Poor
95.34,120.2,11.64,34.72,37.7,24.84,9.28,17.99,61.68,2.72,7.17,2.06,308,Hazardous
63.57,148.17,11.33,35.15,41.13,30.04,6.57,10.48,35.18,2.45,6.82,2.1,293,Poor
96.56,203.67,17.46,52.77,62.06,30.32,4.63,15.8,59.88,3.47,9.68,2.29,290,Poor
131.39,234.65,22.86,59.52,72.68,34.01,5.84,21.5,73.72,4.56,14.16,2.57,375,Hazardous
75.35,91.73,9.63,45.3,40.75,28.79,7.73,13.08,49.21,1.98,6.71,1.85,293,Poor
86.49,116.62,14.18,50.3,56.07,38.86,3.67,14.99,62.52,2.5,8.84,2.06,247,Poor
77.07,132.68,13.41,42.65,50.06,36.68,6.85,14.04,55.44,2.13,7.25,2,232,Poor
98.79,161.43,18.39,47.41,45.1,34.8,11.65,13.75,31.14,2.4,7.07,2.16,316,Hazardous
81.81,164.56,18.2,44.06,58.92,37.84,5.94,21.44,59.29,2.64,10.67,2.37,295,Poor
65.78,180.67,18.75,40.09,55.98,30.04,7.38,14.34,54.47,3.23,10.23,3.16,246,Poor
119.82,268.65,26.27,51.11,66.92,28.99,8.21,17.21,65.72,4.32,13.89,4.52,378,Hazardous
125.53,308.82,32.69,64.73,87.58,34.39,8.84,18.02,65.08,4.88,17.48,4.88,406,Severe
121.51,336.63,18.14,60.41,68.41,33.63,6.75,20.98,87.04,3.08,10.2,4.6,392,Hazardous
114.5,327.81,23.52,50.7,63.45,30.3,6.84,19.38,74.49,4.22,13.04,4.27,391,Hazardous
101.83,279.41,26.26,55.27,72.67,24.36,7.36,19.29,69.41,4.74,14.52,3.72,368,Hazardous
118.57,273.68,33.93,76.46,96.19,29.32,6.58,21.81,76.14,5,18.21,4.45,365,Hazardous
143.22,313.53,42.58,88.61,108.55,36.5,6.42,26.89,89.42,5.63,22.15,4.61,383,Hazardous
106.76,318.88,22.5,58.87,71.34,37,6.75,17.56,93.54,3.15,12.73,3.99,367,Hazardous
65.36,160.3,13.17,31.23,38.68,32.83,8.44,12.67,77.43,1.9,6.65,2.72,334,Hazardous
67.08,174.5,13.18,35.54,44.09,32.27,4.76,11.92,70.74,1.86,6.09,2.97,258,Poor
81.37,141.25,11.98,34.88,43.91,29.46,4.67,13.97,70.42,1.66,6.08,2.79,234,Poor
63.76,131.56,12.09,42.98,51.34,29.93,7.16,13.98,61.86,1.94,7.31,2.68,257,Poor
60.56,171.42,12,43.9,48.72,29.08,7.33,12.85,60.18,2.03,6.47,2.71,259,Poor
76.1,192.81,13.14,42.99,52.01,26.55,7.63,13.1,53.16,2.02,9.5,2.21,279,Poor
73.78,230.34,17.83,27.42,45.7,18.96,1.28,10.45,61.33,2.15,5.67,3.27,210,Poor
97.63,318.24,31.64,29.16,66.15,18.6,1.14,10.79,72.47,2.86,6.94,4.09,298,Poor
99.5,278.36,33.04,35.31,67.05,17.86,1.17,9.82,72.94,3.85,10.55,4.02,315,Hazardous
97.31,284.54,50,41.7,90.18,23.02,1.36,14.94,71.5,4.88,18.75,3.97,368,Hazardous
76.43,201.89,24.24,29.5,52.24,26.99,1.38,16.93,56.59,2.89,6.72,3.55,266,Poor
61.69,168.63,17.36,27.81,41.56,23.17,1.19,16.71,49.32,2.17,5.08,3.21,174,Moderate
55.19,179.42,27.91,35.49,61.81,23.76,1.04,12.97,52.24,3.09,7.72,6.26,199,Moderate
63.79,219.51,25.93,38.36,60.12,27.35,1.07,10.92,61.95,3.4,9.09,3.45,217,Poor
58.48,195.05,20.38,36.2,55.36,22.77,1.02,11.57,68.21,2.97,7.63,3.1,238,Poor
60.29,184.78,20.95,42.1,59.79,24.07,1.06,11.53,68.49,3.28,8.72,3.02,230,Poor
67.35,181.99,16.4,46.81,56.83,34.81,1.13,10.98,68.81,3.26,9.36,2.59,218,Poor
87.55,178.57,20.95,54.45,67.44,46.05,1.22,10.51,69.36,3.63,11.88,2.7,226,Poor
84.57,171.76,16.76,45.36,54.12,51.19,1.21,9.91,64.05,2.86,9.08,2.47,202,Poor
111.58,236.34,22.48,60.71,75.63,43.99,1.51,10.43,79.29,4.26,12.72,3.01,274,Poor
108.78,217.16,14.94,56.31,63.58,46.66,1.37,10.4,75.63,3.91,19.34,2.86,289,Poor
91.18,190.99,8.55,46.44,42.94,49.72,1.15,9.27,69.61,2.78,9.65,2.61,235,Poor
104.85,250.21,23.06,60.96,73.86,48.13,1.4,11.68,85.86,4.48,13.25,3.17,285,Poor
56.19,129.11,14.26,43.3,48.2,40.48,1.22,10.85,48.8,3.03,9.92,2.43,209,Poor
67.62,125.24,19.82,49.83,58.37,47.21,1.14,9.75,51.78,3.31,12.59,2.14,132,Moderate
64.38,141.89,20.17,62.73,62.49,39.93,1.1,9.27,58.49,3.04,11.4,2.47,179,Moderate
45.65,109.7,14.64,62.69,56.18,27.96,1.16,13.55,48.02,2.71,7.95,3.01,136,Moderate
35.75,70.38,12.73,38.78,41.5,23.06,0.95,11.57,39.83,2.38,6.62,3.07,104,Moderate
34.89,101.42,16.55,31.17,43.75,18.66,0.98,12.34,37.26,2.44,6.8,3.42,95,Satisfactory
63.06,187.9,40.7,39.16,72.85,18.24,1.21,13.26,48.78,3.38,8.95,3.33,175,Moderate
82.39,222.71,53.19,45.09,89.84,22.95,1.5,11.8,53.1,4.32,12.51,3.83,290,Poor
88.08,254.8,66.49,45.96,103.63,29.98,1.63,11.17,54.87,5.04,15.68,4.04,282,Poor
89.75,252.06,53,44.13,92.67,30.43,1.49,9.76,68.69,5.09,14.81,3.59,298,Poor
69.57,190.18,24.23,43.41,63.74,26.35,1.25,10.38,53.82,3.63,10.87,3.38,240,Poor
68.34,172.35,22.57,48.19,64.14,25.2,1.16,10.68,54.68,3.93,10.32,3.2,188,Moderate
61.08,155.26,17.52,42.91,53.3,21.93,1.1,9.59,52.91,3.64,8.94,3.28,187,Moderate
85.7,205.18,33,54.68,74.28,22.52,1.49,11.42,60.57,4.79,12.88,3.43,230,Poor
97.62,220.56,33.74,52.53,73.05,26.24,1.58,9.77,64.01,5.39,12.8,3.85,286,Poor
103.58,293.23,31,54.93,75.48,24.31,1.72,11.41,47.52,5.83,15.27,3.42,266,Poor
145.97,335.82,62.2,62.84,99.01,34.91,2.26,15.08,44.92,8.8,31.87,3.87,369,Hazardous
180.52,347.95,80.34,75.42,116.95,36.94,3.15,17.32,45.8,10.88,44,3.92,375,Hazardous
151.57,355.56,71.68,65.07,105.02,41.76,2.19,11.35,42.22,8.42,25.57,3.79,411,Severe
144.04,305.35,25.78,57.05,78.07,37.01,1.73,11.15,49.32,4.97,12.91,3.37,383,Hazardous
148.44,291.66,35.13,58.32,80.91,29.59,1.96,12.13,66.62,5.52,14.13,3.36,388,Hazardous
130.22,284.27,56.83,65.15,105.26,27.47,2.5,15.27,63.16,6.66,23.59,3.36,351,Hazardous
147.71,287.93,100.27,61.29,117.2,29.69,2.48,13.94,58.24,8.33,33.78,3.64,320,Hazardous
111.34,246.3,87.94,51.83,116.75,30.83,2.02,12.01,62.02,6.34,27.16,3.05,296,Poor
100.7,232.58,74.45,52.92,120.68,33.46,1.98,14.75,65.55,6.67,23.22,2.46,312,Hazardous
97.67,189.31,25.13,48.92,64.57,35.14,1.89,11.84,73.28,4.2,16.19,2.24,260,Poor
75.81,155.25,14.33,43.47,53.25,28.75,1.61,10.89,67.89,3.12,11.08,1.99,204,Poor
95.24,199.77,42.32,60.8,100.2,31.11,2.13,10.84,77.91,5.4,20.03,2.1,218,Poor
148.29,301.61,60.16,68.24,105.17,33.05,2.07,11.98,84.74,7.38,24.65,,356,Hazardous
90.66,137.89,38.65,20.29,55.07,6.78,1.62,7.56,44.21,3.83,12.78,1.68,388,Hazardous
156.71,263.15,27.5,41.09,62.19,21.49,1.63,10.14,71.1,4.64,12.33,1.93,298,Poor
170.28,312.88,56.52,61.67,97.82,33.27,2.08,16.24,92.96,7.19,24.25,1.95,392,Hazardous
198.1,336.47,91.29,74.62,155.1,36.75,2.17,16.73,101.74,9.5,38.8,1.96,428,Severe
158.04,265.39,23.76,46.9,69.79,37.48,2.98,15.64,79.5,4.73,11.36,2.02,384,Hazardous
116.98,213.49,24.37,32.96,54.18,22.53,2.6,13.27,48.74,3.61,7.79,2.02,292,Poor
143.73,289.01,54.93,67.38,104.71,30.27,2.05,21.35,69.55,7.29,17.19,2,343,Hazardous
169.22,341.7,90.18,71.38,122.15,34.26,3.07,18.2,47.92,10.19,29.74,1.94,383,Hazardous
147.65,281.8,33.05,56.46,81.78,28.26,1.78,13.81,65.83,6.17,28.38,1.88,374,Hazardous
101.61,214.37,23.78,47.8,61.15,23.85,1.58,20.57,85.73,4.59,13.39,1.82,263,Poor
113.2,260.46,30.2,49.25,75.03,26.14,1.74,21.2,63.88,6.18,16.14,2.02,334,Hazardous
112.89,254.24,32.12,43.78,74.53,22.81,2.07,18.61,71.98,4.85,15.43,2.03,333,Hazardous
95.72,183.08,25.74,57.74,77.86,25.55,1.89,24.29,73.26,4.13,11.41,1.97,262,Poor
108.4,156.58,24.98,42.63,55.71,28.72,2.29,18.92,60.56,2.75,7.03,1.96,236,Poor
245.97,274.06,36.55,35.11,58.72,35.77,1.74,17.66,42.32,1.95,4.3,1.94,340,Hazardous
277.53,379.38,60.39,60.17,94.74,51.64,2.41,28.58,84.99,5.45,13.75,3.5,415,Severe
232.4,361,67.14,68.4,115.98,42.75,2.05,31.66,136.67,8.28,20.6,23.3,420,Severe
244.78,385.66,51.06,82.74,112.71,45.66,2.09,29.19,99.91,6.91,17.35,2.55,407,Severe
293.49,401.49,105.88,87.47,137.62,56.81,2.54,31.58,114.43,7.99,28.6,1.75,454,Severe
161.78,234.94,44.61,63.78,97.34,45.99,1.76,21.21,75.71,4.34,18.32,1.63,388,Hazardous
153.33,260.04,35.14,58.13,86.38,46.52,2.56,20.9,69.95,4.37,13.52,1.34,276,Poor
353.86,496.61,42.74,86.59,117.97,67.43,2.76,19.96,107.69,7.34,16.38,1.46,483,Severe
217.55,356.92,32.59,75.98,98.5,49.64,2.84,31.77,103.4,4.83,9.61,1.35,451,Severe
201.44,364.2,88.69,79.2,134.41,55.64,2.01,40.75,108.12,7.16,21.36,1.19,378,Hazardous
249.95,452.96,88.06,84.89,150.79,69.34,2.64,33.72,115.45,8.75,21.95,2.86,439,Severe
219.68,408.52,24.64,55.72,71.78,48.34,1.5,25.96,89.58,3.82,8.83,0,431,Severe
258.48,398.16,30.46,54.69,81.68,47.57,1.84,28.58,75.26,3.64,6.94,0,421,Severe
291.66,469.38,27.58,61.66,84.27,50.58,1.75,21.15,101.14,4.46,10.11,0,454,Severe
221.68,377.4,19.84,60.05,69.37,48.04,1.72,21.27,90.08,3.98,10.55,0,450,Severe
214.24,342.13,49.66,83.62,95.98,49.4,2.1,22.68,101.15,5.57,17.11,0,367,Hazardous
184.02,323.56,81.18,85.03,129.22,60.07,2.26,21.27,94.79,5.86,20.12,0,383,Hazardous
136.22,280.47,44.56,57.11,77.4,41.89,2.1,17.53,71.44,2.86,8.42,0,347,Hazardous
188.09,367.46,74.07,74.39,118.88,45.24,2.3,21.78,86.88,5.15,15.24,1.01,369,Hazardous
238.69,397.16,106.26,96.62,150.98,55.18,2.87,25.59,101.68,7.31,22.27,3.09,392,Hazardous
271.42,470.08,139.98,101.44,164.44,64.78,3.28,26.81,124.74,9.41,35.26,3.45,455,Severe
293.73,467.32,102.06,97.76,144.12,63.08,2.96,23.06,114.3,9.99,30.62,2.42,450,Severe
247.27,450.96,101.94,92.32,146.25,63.4,2.73,20.77,116.29,7.9,23.75,2.05,478,Severe
266.95,419.98,123.99,105.29,164.08,74.83,3.49,24.92,132.26,9.04,29.47,3.81,431,Severe
241.61,424.09,115.23,88.74,165.41,67.9,2.6,19.65,113.35,9.14,27.7,4.27,440,Severe
149.14,312.85,33.11,54.63,83.28,35.62,1.98,15.97,81.11,3.31,9.24,0.95,376,Hazardous
182.5,317.46,91.98,69.29,144.14,40.68,1.84,21.35,93.71,4.48,12.18,1.03,347,Hazardous
193.58,343.26,60.96,71.35,121.32,57.48,1.71,19.49,90.46,4.05,12.37,0.02,343,Hazardous
172.89,294.29,32.3,47.21,73.76,60.1,1.43,17.09,70.51,2.54,6.88,0,362,Hazardous
190.46,342.59,64.72,51.84,99.82,59.13,1.88,20.73,67.97,3.2,10.58,0.01,319,Hazardous
282.76,419.33,116.54,78.48,159.5,73.94,2.51,24.51,131.34,6.23,20.23,0,425,Severe
183.28,371.83,56.71,83.03,118.88,57.35,1.77,16.48,93.52,4.34,12.02,0.01,400,Hazardous
66.12,114.15,23.12,27.52,18.35,34.54,0.6,7.13,30.45,0.25,1.38,0.13,131,Moderate
80.94,125.39,26.98,21.39,22.31,50.34,0.61,6.62,29.26,0.35,1.74,0.12,165,Moderate
75.4,102.91,50.72,38.55,23.52,54.37,0.43,6.08,34.06,0.27,1.54,0.11,176,Moderate
89.38,140.94,37.45,29.45,18.61,41.19,0.45,7.17,40.26,0.44,1.82,0.13,172,Moderate
74.2,125.73,21.1,26.08,8.59,44.1,0.3,6.64,38.44,0.22,1.73,0.1,137,Moderate
68.47,120.56,25.43,28.66,14.66,50.15,0.46,3.46,32.9,0.46,2.34,0.03,131,Moderate
63.41,128.15,22.86,25.2,12.1,39.12,0.43,2.94,30.1,0.54,2.43,0.05,132,Moderate
69.45,127.48,22.75,26.09,11.47,31.36,0.2,5.81,34.34,0.24,1.27,0.1,115,Moderate
76.81,138.81,24.88,28.99,14.09,39.43,0.19,11.7,35.79,0.35,2.07,0.08,151,Moderate
75.73,125.31,15.35,24.45,13.8,37.22,0.27,11.96,36.81,0.25,1.59,0.09,180,Moderate
79.81,111.43,14.82,27.44,12.19,31.48,0.33,13.91,38.67,0.39,2.11,0.15,183,Moderate
70.98,151.15,17.2,25.61,14.27,35.37,0.32,22.29,34.44,0.27,1.72,0.09,193,Moderate
102.2,155.03,20.71,24.51,14.05,41.02,0.24,24,35.32,0.31,2.14,0.09,224,Poor
107.63,173.87,33.9,27.06,17.82,50.93,0.24,23.51,31.11,0.57,2.97,0.09,268,Poor
105.88,158.68,23,31.67,13.81,56.42,0.26,7.6,30.89,0.63,3.28,0.1,253,Poor
104.45,122.3,25.09,30.92,14.22,64.21,0.25,6.57,29.67,0.68,2.71,0.1,208,Poor
106.85,186.91,21.91,31.1,12.39,44.32,0.33,7.65,35.14,0.71,2.56,0.08,211,Poor
137.42,207.87,31.87,29.16,14.41,45.28,0.33,9.36,37.98,0.6,2.34,0.09,246,Poor
147.07,208.87,67.91,30.14,23.78,55.52,0.37,14.64,42.39,0.72,3.4,0.09,319,Hazardous
147.83,195.47,41.91,30,15.25,44.61,0.33,14.31,37.15,0.89,3.62,0.09,317,Hazardous
152.61,213.98,48.82,58.53,40.14,51.88,1.02,23.09,30.49,0.86,3.42,0.09,310,Hazardous
121.7,212.35,48.01,57.08,49.91,42.92,1.36,17.44,30.46,0.99,3.39,0.09,313,Hazardous
152.16,204.03,66.01,63.15,55.52,44.57,1.05,27.42,35.86,0.83,3.38,0.08,310,Hazardous
176.17,259,55.94,53.51,53.32,50.7,1.18,22.15,36.35,1.26,4.52,0.08,336,Hazardous
426.52,387.13,56.28,54.76,47.28,48.79,1.06,36.85,41.14,2.15,5.54,0.07,497,Severe
213.12,317.52,42.71,50.13,49.3,50.8,1.46,20.55,34.52,0.88,4.02,0.07,404,Severe
146.01,201.91,54.57,55.88,31.89,45.72,0.93,24.42,34.88,0.8,4.04,0.08,338,Hazardous
163.35,242.73,89.4,64.25,63.05,48.44,1.45,27.79,52.91,1.16,4.65,0.09,327,Hazardous
188.24,331.64,72.71,81.33,87.22,53.82,1.51,23.19,86.13,1.15,5.47,0.07,366,Hazardous
203.03,326.46,56.81,80.62,57.55,55.14,1.01,23.77,106.16,0.93,5.08,0.07,357,Hazardous
178.91,290.41,56.9,90.56,63.21,61.45,1.15,24.12,99.71,1.3,4.28,0.07,328,Hazardous
167.54,293.68,26.14,65.44,52.4,48.68,0.98,21.24,82.93,1.26,4.94,0.06,345,Hazardous
198.37,329.05,35.39,84.45,60.5,51.2,0.9,27.88,110.71,1.65,7.47,0.07,379,Hazardous
187.82,300.92,28.91,60.61,57.94,50.6,1.16,25.08,83.99,1.56,6.8,0.08,362,Hazardous
196.37,308.22,41.29,69.51,64.94,52.67,1.47,23.68,88.38,2.51,5.67,0.09,340,Hazardous
211.64,323.45,65.55,53.08,75.68,64.28,1.84,19.36,65.34,3.36,11.75,0.08,366,Hazardous
179.17,265.9,29.65,46.83,43.9,47.36,1.13,16.01,56.79,1.43,6.36,0.07,344,Hazardous
160.69,227.41,26.09,47.7,56.86,49.88,1.4,17.19,61.91,2.51,9.71,0.07,305,Hazardous
168.16,239.73,45.29,46.49,60.96,53.2,1.31,15.29,62.16,2.74,6.06,0.07,310,Hazardous
190.33,292.7,45.11,47.28,74.75,52.75,1.83,18.87,73.16,3.18,5.21,0.07,345,Hazardous
209.61,334.64,65.25,60.56,97.76,61.8,2.33,19.55,86.74,6.46,12.85,0.08,370,Hazardous
216.53,330.27,64.5,57.27,96,65.81,1.94,18.74,72.82,4.6,14.37,0.07,377,Hazardous
517.93,654.68,51.67,65.17,103.77,91.87,2.37,15.29,56.06,5.11,26.96,0.06,532,Severe
639.19,796.88,55.83,77.51,104.65,82.96,2.74,20.46,55.51,7.73,25.53,0.06,675,Severe
495.9,652.21,54.71,81.67,104.52,74.84,2.37,15.68,86.62,6.99,25.25,0.07,677,Severe
370.73,496.48,55.07,80.73,109.98,84.1,2.45,17.84,104.94,7.33,28.06,0.08,597,Severe
363.77,511.44,78.16,78.61,117.92,90.64,2.32,17.8,95.54,8.39,32.33,0.06,471,Severe
465.08,622.4,66.78,70.1,104.82,73.63,2.44,13.94,88.03,7.84,28.2,0.06,613,Severe
354.56,498.63,65.36,65.77,105.48,73.85,2.33,15.58,94.42,5.47,18.48,0.08,561,Severe
254.36,365.91,34.12,56.46,75.36,55.71,1.74,13.67,69.5,4.44,11.39,0.07,444,Severe
192.04,279.26,36.7,57.85,79.14,48.83,1.64,19.24,60.28,4.38,13.31,0.07,378,Hazardous
191.57,278.95,38.61,53.86,82.34,50.06,1.55,22.89,62.01,4.06,12.03,0.12,357,Hazardous
150.79,220.08,32.01,47.38,70.95,45.56,1.51,16.32,47.92,3,8.48,0.18,330,Hazardous
143.51,202.59,20.23,43.91,50.62,38.55,1.16,13.3,37.68,2.29,5.38,0.08,309,Hazardous
128.65,190.51,19.58,45.6,55.24,34.83,1.2,15.12,47.8,2.04,5.24,0.09,297,Poor
171.34,249.28,24.44,52.73,64.19,36.28,1.3,13.7,54.08,2.38,6.34,0.1,329,Hazardous
178.08,253.38,32.84,54.75,75.18,40.58,1.52,15.02,57.13,4.37,10.71,0.1,341,Hazardous
177.41,258.11,30.75,54.64,74.09,40.37,1.51,18.13,57.6,4.92,11.65,0.1,348,Hazardous
175.56,251.23,34.73,55.04,70.15,40.03,1.55,18.32,54.34,4.53,11.97,0.1,340,Hazardous
187.97,256.92,44.24,64.15,82.97,44.62,1.65,19.2,54.02,5.18,13.88,0.11,348,Hazardous
185.31,268.09,45.12,76.48,88,47.81,1.74,17.95,48.1,5.3,15.24,0.1,347,Hazardous
224.37,338.82,77.85,67.6,101.44,63.81,1.97,21.01,44.82,20.64,17.26,0.1,368,Hazardous
198.34,328.09,45.64,68.93,87.3,52.5,1.64,18.95,41.09,4.33,13.04,0.1,382,Hazardous
167.74,290.47,61.44,62.53,93.71,60.94,1.76,19.39,34.78,16.1,19.68,0.1,360,Hazardous
215.17,327.64,109.88,75.37,132.94,83.31,2.31,20.1,40.91,7.08,28.86,0.11,359,Hazardous
219.84,344.17,71.11,57.73,108.26,77.53,2.11,16.83,44.4,8.15,23.32,0.1,388,Hazardous
190.45,309.07,61.21,56.83,94.55,65.47,1.83,17.59,31.62,6.41,20.7,0.1,377,Hazardous
208.87,324.46,80.33,65.66,102.69,92.4,2.1,20.17,36.62,7.94,25.81,0.1,356,Hazardous
240.87,359.22,67.41,65.83,99.76,85.25,2.28,19.92,37.61,8.46,26.32,0.1,384,Hazardous
261.82,390.1,74.66,65.49,101.07,90.28,2.49,20.17,32.64,7.62,23.27,0.1,415,Severe
230.56,358.86,61.13,64.61,104.85,71.16,2.41,18.29,50.69,5.42,15.21,0.1,404,Severe
120.91,210.21,23.19,51.02,68.08,45.92,1.65,20.88,43.68,2.94,8.36,0.12,330,Hazardous
88.95,170.12,24.67,45.83,39.33,36.04,1.49,18.17,41.43,2.6,7.35,0.1,215,Poor
115.08,204.38,23.86,53.85,3.63,41.49,1.56,21.69,50.26,3.13,7.98,0.1,220,Poor
165.76,268.35,60.14,70.14,9.06,57.73,1.77,24.22,68.58,7.52,17.98,0.18,312,Hazardous
230.34,341.87,102,83.94,16.38,77.11,2.18,25.97,90.07,9.07,29.86,0.25,389,Hazardous
218.87,338.45,97.35,71.25,13.13,86.87,2.28,24.39,66.07,5.22,19.42,0.1,406,Severe
109.18,152.76,22.41,45.94,3.04,50.54,1.51,11.71,38.75,1.96,6.88,0.11,280,Poor
134.99,203.48,20.14,40.27,2.59,48.27,1.34,10.81,46.28,2.51,6.59,0.11,263,Poor
126.67,189.9,19.4,36.59,2.33,46.26,1.31,11.18,42.19,2.18,5.87,0.11,276,Poor
127.57,194.15,20.33,34.73,3.26,42.56,1.28,9.69,38.04,1.89,4.83,0.11,292,Poor
100.72,152.72,17.77,29.84,2.87,39.74,1.06,4.98,23.98,1.92,2.85,0.1,228,Poor
95.58,163.65,17.4,37.37,2.44,35.36,1.2,12.68,36.4,1.87,3.48,0.12,195,Moderate
115.19,189.64,20.4,45.8,2.15,45.71,1.28,16.97,45.37,2.46,6.42,0.1,223,Poor
168.33,257.19,35.44,54.84,4.37,56.27,1.48,23.03,49.68,3.93,10.74,0.1,291,Poor
283.24,410.74,44.05,66.41,5.96,78.25,1.91,25,67.35,4.65,14.07,0.05,378,Hazardous
293.14,435.23,32.3,61.63,3.57,72.97,1.45,22.54,66.06,4.12,10.87,0.08,467,Severe
157.72,241.38,22.11,50.73,2.69,55.36,1.17,20.47,48.84,2.88,7.93,0.19,370,Hazardous
117.72,181.59,31.51,50.97,3.61,51.89,1.54,19.95,43.85,3.9,9.81,0.28,253,Poor
203.18,301.71,79.8,66.65,9.75,73.83,1.74,23.73,59.85,6.52,14.99,1.04,309,Hazardous
259,368.35,61.55,58.92,7.06,68.61,1.68,23.76,56.1,5.63,15.78,0.39,398,Hazardous
224.42,326.11,46.41,57.6,6.18,62.83,1.57,22.1,38.93,5.37,12.99,0.42,372,Hazardous
224.27,317.87,58.71,65.61,9.76,71.71,1.69,23.17,58.98,5.95,18.27,0.03,379,Hazardous
249.17,362.39,80.57,70.25,11.62,79.07,1.86,25.51,66,6.36,23.66,0,398,Hazardous
227.28,347.63,70.6,59.7,10.69,68.22,1.7,25.54,61.36,5.35,19.38,0.77,399,Hazardous
273.56,401.15,69.31,60.4,15.32,75.04,1.96,21.01,61.73,6.96,25.19,1.18,421,Severe
306.17,445.58,83.77,66.97,23.13,83.55,1.95,17.97,76.45,7.01,21.12,0.35,451,Severe
303.41,415.09,62.76,63.92,11.79,73.16,1.8,18.58,68.75,5.72,14.77,0.24,462,Severe
277.48,422.59,31.26,53.73,4.26,55.61,1.52,12.43,68.68,3.98,9.71,0.27,439,Severe
217.01,336.87,37.98,52.24,2.87,50.81,1.29,10.28,54.94,3.09,6.6,0.21,405,Severe
248.54,377.61,35.56,61.57,4.24,55.17,1.36,14.42,66.31,3.79,8.2,0.39,394,Hazardous
240.42,360.99,38.73,54.8,4.57,51.36,1.38,13.2,48.57,3.63,8.14,0.26,398,Hazardous
252.57,378.9,65.27,59.12,8.53,63.78,1.59,18.15,39.65,5.69,13.64,0.42,403,Severe
191.66,292.74,26.49,47.02,4.99,50.09,1.3,16.27,57.39,3.19,6.5,0.22,384,Hazardous
152.98,259.13,37.51,51.6,5.28,47.52,1.33,17.15,54.55,3.36,7.87,0.34,314,Hazardous
233.1,355.21,62.59,66.19,10.36,58.65,1.54,21.82,66.79,5.31,13.99,0.68,373,Hazardous
186.26,294.24,34.44,60.21,3.98,48.38,1.4,18.98,58.51,3.26,7.3,0.7,366,Hazardous
154.64,243.95,30.06,63.57,3.47,47.42,1.47,17.4,56.22,3.27,6.83,0.7,318,Hazardous
168.87,281.06,40.02,65.3,3.73,55.07,1.56,24.03,62.37,4.23,11.32,1.39,306,Hazardous
230.5,355.43,68.69,61.28,3.2,75.88,2.12,24.28,75.14,7.62,21.81,4.23,370,Hazardous
191.47,308.74,36.32,54.37,1.87,55.35,1.72,22.47,64.8,4.3,10.03,1.71,365,Hazardous
177.71,309.85,32.47,52.51,2.15,54.6,1.42,19.12,59.73,3.26,7.7,1.26,352,Hazardous
133.56,231.04,31.78,46.86,3.92,43.23,1.36,19.06,54,3.09,9.36,0.4,278,Poor
235.06,353.55,44.3,47.86,34.61,52.37,1.61,14.48,64.1,4.22,12.58,0.32,350,Hazardous
276.25,428.08,48.32,55.08,85.75,59.73,2.04,21.02,72.89,5.19,14.81,0.05,411,Severe
253.7,398.16,41.26,49.45,81.11,63.31,1.82,22.27,73.6,5.47,16.52,0,451,Severe
152.33,252.92,21.5,38.87,53.34,66.51,1.31,14.45,43.18,2.37,4.43,0,351,Hazardous
153.61,274.5,33.93,44.09,63.87,63.25,1.51,16.91,41.49,2.74,7.02,0,310,Hazardous
202.11,352.68,54.86,56.45,72.5,63.15,1.87,21.64,68.33,4.09,10.9,0,362,Hazardous
160.79,248.48,25.98,47.26,67.65,51.07,1.43,14.25,48.67,2.68,6.67,0,343,Hazardous
130.16,192.19,25.05,35.33,56.27,43.08,1.32,11.9,42.04,2.26,6.23,0,286,Poor
111.75,167.31,24.28,40.13,48.6,40.74,1.37,6.84,43.99,2.22,3.87,0.3,267,Poor
128.45,207.66,28.91,38.17,57.6,44.28,1.43,7.99,44.09,2.46,3.7,0.6,263,Poor
155.2,271.1,34.29,45.14,60.99,46.22,1.4,7.94,56.12,2.29,4.87,0.52,284,Poor
150.96,248.26,41.85,47.6,73.57,45.66,1.85,10.26,54.01,2.07,4.36,0.84,334,Hazardous
162.48,272.45,45.81,54.51,74.45,44.78,1.96,12.61,60.56,2.18,5.5,0.76,332,Hazardous
126.84,212.59,23.71,47.59,51.3,38.68,2,14.47,56.85,1.84,4.26,0.49,300,Poor
123.48,205.56,22.07,45.46,48.06,39.32,2.52,11.35,53.7,1.72,3.78,0.38,271,Poor
157.33,298.58,38.37,63.88,67.65,46.95,1.62,18.67,60.7,2.08,5.48,0.62,293,Poor
140.35,282.16,34.69,54.28,71.59,52.36,1.49,12.25,52.12,1.72,5.93,0.79,318,Hazardous
115.05,239.61,27.97,51.46,64.81,46.26,1.29,14.2,52.29,1.35,4.57,0.45,277,Poor
133.8,252.13,22.5,46.74,56.52,45.13,1.3,13.2,52.23,1.44,3.23,0.4,284,Poor
163.6,308.37,42.64,63.42,78.45,45.41,1.33,14.77,43.11,2.04,4.47,0.36,313,Hazardous
143.29,274.72,28.45,56.51,67.62,44.96,1.21,14.94,41.11,1.74,4.88,0.42,324,Hazardous
131.49,246.92,26.04,54.53,55.33,43.31,1.18,14.58,49.34,1.64,3.92,0.36,287,Poor
186.19,338.61,66.23,74.83,86.77,47.89,1.75,13.8,45.91,3.21,6.09,0.78,334,Hazardous
203.33,348.94,56.38,74.5,84.22,49.6,1.7,14.35,49.11,3.32,6.44,0.61,375,Hazardous
209.7,373.06,71.59,99.06,86.85,47.52,2.55,13.77,53.31,6.94,11,1.21,378,Hazardous
148.13,300.96,57.19,62.4,82.24,51.43,1.56,14.45,43.54,3.53,5.29,0.67,350,Hazardous
72.36,153.11,16.51,33.08,42.62,46.64,0.97,8.58,37.47,0.8,2.11,0.29,218,Poor
103.93,170.12,37.45,46.48,72.84,50.89,1.21,10.25,38.83,1.73,4.16,0.35,189,Moderate
76.92,149.43,16.31,34.92,44.75,40.88,0.96,9.03,38.43,1.02,2.66,0.23,217,Poor
94.49,173.59,16.78,38.54,47.11,44.48,1.03,11.47,40.95,1.16,2.82,0.16,189,Moderate
123.19,219.11,24.78,48.33,60.03,49.81,1.21,12.49,38.4,1.52,3.48,0.21,248,Poor
127.8,244.27,24.55,49.9,60.9,49.73,1.27,15.01,44.13,1.73,3.91,0.33,277,Poor
127.27,234.67,35.15,50.94,67.43,45.32,1.36,12.17,45.75,2.15,3.78,0.31,284,Poor
172.55,315.75,68.88,71.76,88.37,46.22,1.96,15.25,49.74,3.07,5.52,0.79,321,Hazardous
167.16,317.53,56.44,68.29,87.59,49.25,1.89,14.53,51.27,3.34,5.42,0.53,335,Hazardous
172.99,346.46,72.82,92.54,94.31,49.47,2.42,13.97,57.47,5.24,8.8,0.93,347,Hazardous
159.67,313.47,59.65,66.4,90.58,55.72,1.8,15.89,47.69,4,8.11,0.55,333,Hazardous
163.75,333.99,59.63,70.77,92.54,59.64,1.81,16.26,48.62,3.89,9.53,0,331,Hazardous
164.2,349.29,47.09,62.66,80.95,62.61,1.52,15.09,55.26,2.85,5.82,0.27,347,Hazardous
106.26,222.46,25,42.88,59.15,50.57,1,14.34,43.87,2.05,3.94,0.2,317,Hazardous
67.27,156.72,14.44,33.59,43.27,41.83,0.88,9.64,43.19,1.09,2.1,0.05,170,Moderate
85.53,178.51,24.54,43.12,56.44,43.85,1.15,10.72,40.51,1.93,3.03,0.06,167,Moderate
143.25,279.26,42.48,52.5,78.41,53.64,1.47,14.52,46.16,2.47,6.26,0.26,274,Poor
120.71,256.86,45.93,51.74,79.9,49.29,1.43,14.9,40.69,2.3,5.76,0.56,293,Poor
139.18,253.32,46.05,50.64,78.23,48.86,1.64,11.52,45.55,3.01,4.5,0.77,300,Poor
98.25,205.92,26.84,41.07,59.03,44.26,1.18,12.93,38.38,1.85,3.67,0.57,244,Poor
79.83,182.26,25.27,39.02,56.08,39.35,0.99,12.95,34.95,1.63,2.92,0.14,205,Poor
76.96,164.74,24.87,39.58,56.62,38.32,0.99,12.7,40.45,1.39,2.92,0,180,Moderate
75.45,163.52,15.1,37.92,44.67,34.56,0.94,12.99,44.99,1.26,2.83,0,170,Moderate
87.62,178.53,25.71,45.6,54.4,36.46,1.11,13.23,45.24,1.7,3.57,0,192,Moderate
139.88,283.57,60.76,79.5,82.26,43.35,1.84,16.98,57.76,6.59,7.04,0,262,Poor
134.76,274.89,45.51,65.86,75.45,46.02,1.64,18.68,52.43,4.54,6.65,0,316,Hazardous
75.67,171.69,16.27,39.85,47.05,39.35,0.95,14.8,41.74,1.36,4,0,207,Poor
88.3,183.74,23.14,41.81,55.86,39.62,1.08,15.41,46.28,1.28,3.12,0,179,Moderate
105.29,223.67,28.38,45.32,65.27,42.8,1.18,17.48,44.49,1.29,3.51,0,236,Poor
109.22,245.66,41.54,56.5,73.67,42.23,1.54,17.22,43.79,1.87,4.78,0,241,Poor
116.62,328.98,60.02,64.82,87.49,40.47,1.63,17.39,48.03,2.85,5.34,0,287,Poor
108.98,314.72,36.34,48.86,66.89,43.23,1.23,16.08,37.77,3.53,5.3,0,314,Hazardous
111.67,256.67,27.56,41.48,62.19,42.2,1.09,16.61,43.04,4.14,4.59,0,269,Poor
81.57,170.16,21.81,32.61,44.69,33.72,1.09,13.63,37.89,1.73,2.68,0,218,Poor
82.15,173.07,18.88,31.72,41.03,30.32,1.2,17.22,45.83,0.93,2.17,0,177,Moderate
81.93,197.13,28.38,43.85,62.83,37.7,1.1,16.95,44.89,1.06,4.02,0,177,Moderate
109.99,249.2,44.27,55.71,82.08,44.26,1.42,20.52,51.95,3.19,7.16,0,224,Poor
133.53,280.94,30.35,45.33,66.03,49.85,1.36,24.36,52.82,4.03,5.93,0,302,Hazardous
83.4,176.02,13.53,33.49,41.53,42.95,1,17.14,45.99,1.92,3.93,0,226,Poor
64.2,151.45,14.86,34.53,42.49,34.91,0.89,12.75,46.6,1.57,3.61,0,171,Moderate
78.4,186.62,15.2,37.32,44.39,35.84,0.91,14.56,50.02,2.36,3.53,0,183,Moderate
85.34,190.95,11.77,34.66,41.31,37.35,0.96,15.57,54.47,1.74,2.91,0,202,Poor
85.9,198.67,19.04,41.2,51.42,36.49,1.06,16.28,52.72,2.64,3.4,0,203,Poor
111.26,256.4,42.38,60.75,76,37.92,1.52,18.5,49.55,4.42,5.92,0,246,Poor
117.78,280.25,55.87,71.04,79.52,37.48,1.74,16.27,57.85,6.14,7.37,0,293,Poor
95.98,217.49,17.1,41.56,49.23,37.18,1.01,16.53,57.43,2.72,3.78,0,238,Poor
96.45,241.13,21.45,45.84,58.22,37.57,1.11,15.95,58.75,3.12,5.64,0,234,Poor
101.59,292.49,25.6,44.76,57.92,42.4,1.17,16.59,67.56,2.96,5.24,0,269,Poor
75.14,199.8,15.98,37.97,46.42,37.86,1.01,14.13,68.76,2.97,3.11,0,217,Poor
96.38,241.96,26.07,48.52,64.03,43.29,1.22,16.54,64.33,3.33,4.77,0,217,Poor
101.18,252.21,27.42,51.63,66.35,45.56,1.28,17.36,67.6,3.22,4.13,0,239,Poor
111.82,262.69,32.79,52.51,69.5,50.48,1.44,16.58,65.46,2.64,4.85,0,244,Poor
152.56,337.64,43.18,60.24,76.02,49.53,1.76,19.67,64.73,4.62,6.26,0,329,Hazardous
100.5,231.2,25.66,44.92,62.14,43.35,1.42,19.96,54.04,2.64,4.14,0,271,Poor
48.46,132.97,18.92,36.94,50.39,42.48,1.12,10.48,54.42,1.43,3.32,0,170,Moderate
50.27,137.52,13.22,34.29,41.32,44.48,1.09,10.5,56.29,0.95,2.63,0,142,Moderate
49.56,123.41,24.07,39.45,53.81,44.12,1.35,10.77,42.76,2.34,4.47,0,133,Moderate
93.89,251.98,35.24,45.16,65.04,52.07,1.57,12.65,60.94,4.38,13.51,0,205,Poor
48.61,125.53,16.25,32.33,41.68,39.88,0.99,11.21,46.34,4.24,11.48,0,179,Moderate
46.21,109.03,20.89,40.94,49.98,33.55,1.3,10.07,48.2,4.98,6.09,0,135,Moderate
83.96,196.02,34.37,54.68,64.81,36.1,1.78,13.37,47.74,1.6,3.64,0,201,Poor
97.16,235.01,42.69,59.41,73.26,39.49,2.12,15.77,47.69,2.45,4.84,0,233,Poor
107.36,258.52,49,67.79,75.59,40.66,2.26,17.56,53.47,3.68,4.67,0,240,Poor
119.75,334.05,51.52,76.17,79.53,46.53,2.51,21.02,55.85,4.66,6.12,0,296,Poor
81.97,260.67,35.67,57.84,69.28,39.2,1.56,13.57,49.19,3.36,3.77,0,266,Poor
73.44,256.18,16.91,40.44,46.57,33.33,1.04,13.29,51.01,1.72,2.79,0,216,Poor
89.49,282.24,27.08,51.78,62.47,35.35,1.19,16.76,53.3,2.44,3.63,0,242,Poor
100.01,385.04,20.62,40.56,49.75,36.14,0.91,15.55,48.98,2.23,3.71,0,271,Poor
119.24,480.07,9.64,30.99,35.73,31.94,0.89,12.08,61.05,1.13,2.73,0,444,Severe
62.06,208.53,9.34,31.63,35.38,29.3,0.85,16.92,60.81,1.43,2.24,0,302,Hazardous
76.11,219.94,17.48,39.43,43.95,27.09,1.03,12.89,63.78,1.83,3.31,0,197,Moderate
108.64,274.05,27.8,57.07,61.05,32.19,1.28,17.01,59.45,3.36,5.14,0,242,Poor
117.56,313.41,46.07,82.47,77.25,31.94,2.02,15.1,48.81,6.04,8.18,0,287,Poor
142.82,397.1,44.46,78.5,78.44,41.32,2.09,17.89,65.07,5.52,6.76,0,329,Hazardous
107.47,336.49,22.69,49.86,54.16,51.03,1.41,12.96,69.49,2.86,4.75,0,351,Hazardous
84.13,316.52,11.33,36.11,41.23,44.78,1.14,12.38,75.5,1.7,3.23,0,288,Poor
89.1,259.12,13.32,42.57,48.22,47.69,1.26,16.1,69.07,1.87,3.3,0,259,Poor
79.3,214.51,21.81,46.42,58.38,49.72,1.12,11.9,60.39,1.71,3.66,0,221,Poor
54.88,165.91,11.11,33.37,41.04,44.37,0.81,8.8,65.54,1.18,1.91,0,173,Moderate
66.74,189.28,14.43,34.14,42.86,37.69,1.02,7.65,64.55,1.19,1.84,0,161,Moderate
47.25,153.75,15.63,31.77,40.96,38.01,1.23,9.52,50.16,0.94,2.3,0,167,Moderate
49.09,123.82,11.61,30.44,37.96,38.61,1.17,9.06,59.09,1.41,2.55,0,146,Moderate
74.82,196.76,23.26,46.75,55.93,44.85,1.74,11.85,59.48,2.46,4.28,0,174,Moderate
110.48,290.63,42.39,53.69,71.2,44.57,2.05,14.61,57.57,3.75,5.89,0,280,Poor
111.95,302.1,42.33,54.75,76.02,45.99,2.2,16.31,57.48,3.61,5.38,0,243,Poor
61,177.71,10.01,27.66,32.84,27.14,1.31,6.97,61.42,1.37,2.67,0,252,Poor
71.99,177.76,19.68,46.09,56.74,43.68,1.46,12.35,53.1,1.93,4.49,0,168,Moderate
93.45,215.34,28.94,52.15,68.21,53.84,2.41,12.02,57.78,2.3,4.57,0,218,Poor
132.39,315.8,35.51,65.41,75.54,51.67,2.73,16.58,65.24,4.4,5.38,0,292,Poor
144.33,353.5,45.32,74.13,88.45,65.63,3.2,17.75,67.9,4.15,5.23,0,330,Hazardous
80.64,236.35,17.22,31.22,44.1,59.34,2.1,11.48,67.88,1.31,2.15,0,285,Poor
49.22,137.39,13.4,40.3,41.85,46.61,2.05,11.3,56.2,1.07,2.34,0,174,Moderate
67.23,177.03,13.34,39.81,43.92,49.62,1.91,11.9,62.52,1.85,3.06,0,173,Moderate
78.74,221.21,16.47,41.79,45.65,43.11,1.11,9.25,54.41,2.59,3.61,0,194,Moderate
105.99,288.92,17.3,44.14,44.55,45.08,0.85,13.61,70.39,1.84,3.94,0,240,Poor
96.96,241.99,27.74,53.88,63.16,54.12,1.07,13.97,58.67,3.02,5.04,0,254,Poor
103.98,284.44,49.67,65.52,81.75,55.99,1.46,12.48,57.66,5.23,6.98,0,270,Poor
83.66,228.61,20.35,45.88,50.04,45.4,1.08,12.65,55.77,2.72,5.24,0,231,Poor
71.25,209.67,14.16,42.68,48.33,41.07,0.91,12.73,60.27,3.04,5.34,0,208,Poor
91.16,243.14,28.41,59.07,60.5,40.31,1.17,15.56,59.41,3.53,6.23,0,207,Poor
129.23,324,53.83,77.28,86.18,46.95,1.66,17.57,59.46,5.79,9.66,0,306,Hazardous
114.13,298.07,37.09,57.51,67.13,51.03,1.34,17.78,53.43,3.1,6.97,0,303,Hazardous
83.88,249.82,42.75,59.34,63.04,36.45,1.31,12.73,48.95,4.03,6.57,0,260,Poor
103.02,263.49,41.7,64.88,61.71,37.33,1.47,14.9,49.85,4.77,6.65,0,244,Poor
97.37,314.96,31.92,58.31,57.05,35.05,1.1,11.59,56.75,3.73,4.64,0,268,Poor
117.56,290.96,29.36,54.01,57.51,48.36,1.33,15.54,59.11,2.77,5.02,0,276,Poor
112.6,312.18,41.22,60.34,66.84,51.9,1.4,11.93,59.1,3.88,5.4,0,303,Hazardous
65.76,295.94,13.19,33.21,42.64,54.38,0.95,8.58,59.9,1.2,1.85,0,272,Poor
71.99,235.22,14.54,40.76,44.17,50.49,1,9.71,50.6,1.88,3.53,0,223,Poor
79.98,233.97,8.65,30.14,33.87,48.38,0.81,8.24,58.87,1.48,3.18,0,196,Moderate
52.6,154.66,12.65,29.28,35.13,41.24,0.98,9.08,60.12,1.51,3.67,0,183,Moderate
59.52,140.21,16.93,31.51,43.09,43.82,0.84,7.79,57.87,1.32,3.37,0,154,Moderate
64.42,179.31,14.32,30.68,38.57,49.08,0.81,8.14,57.03,2.13,3.41,0,170,Moderate
61.72,152.57,9.58,27.67,32.62,43.21,0.82,7.51,48.46,2.52,4.69,0,160,Moderate
57.68,159.45,8.99,31.11,33.05,39.58,0.88,9.34,48.47,2.71,6.46,0,146,Moderate
73.77,165.33,10.21,33.8,37.99,40.17,0.96,10.1,60.18,4.76,6.4,0,166,Moderate
76.78,196.34,9.8,31.27,36.1,46.72,0.95,7.75,54.22,2.56,4.55,0,180,Moderate
52.79,136.75,10.94,27.39,36.36,40.4,0.9,6.41,41.95,2.72,4.57,0,153,Moderate
67.02,141.09,16.94,34.23,38.52,49.24,0.93,7.35,45.16,2.67,7.04,0,153,Moderate
73.22,218.14,11.9,34.85,35.75,48.15,0.9,6.94,46.66,2.57,5.41,0,186,Moderate
141.28,497.9,11.06,31.72,34.01,40.05,0.87,8.73,37.85,2.26,6.1,0,285,Poor
261.77,743.98,11.58,25.75,30.62,32.58,0.77,6.91,27.45,2.33,4.31,0,453,Severe
225.49,761.91,11.75,25.37,29.01,27.3,0.72,7.22,43.38,2.25,9.35,0,522,Severe
153.28,613.34,12.05,24.61,29.31,26.27,0.7,7.31,40.15,2.98,10.64,0,593,Severe
127.32,516.85,10.15,25,29.76,28.12,0.68,7.29,45.76,3.36,5.58,0,531,Severe
84.47,289.18,8.45,22.78,27.88,27.53,0.68,6.18,44.56,2.78,6.3,0,384,Hazardous
61.06,166.71,11.44,26.68,31.17,33.27,0.77,7.71,46.41,2.82,8.24,0,179,Moderate
52.76,152.06,10.85,26.52,29.02,31.25,0.68,6.5,53.39,3.73,8.34,0.03,146,Moderate
67.55,201.22,13.82,33.71,37.25,36.03,0.77,10.05,60.2,4.51,10.83,0,175,Moderate
76.98,273.16,11.17,34.82,35.93,38.44,0.75,9.73,66.75,3.89,11.19,0,221,Poor
83.98,247.55,23.62,45.06,53.22,44.46,0.99,12.38,64.38,4.69,13.08,21.62,249,Poor
81.33,242.29,17.78,44.23,49.29,44.27,0.96,11.68,66.18,4.26,13.63,18.61,228,Poor
54.15,163.89,10.39,34.98,37.1,34.64,0.77,13.73,59.17,2.66,10.24,7.98,194,Moderate
46.9,155.61,10.81,34.92,31.12,32.64,0.74,12.17,39.06,1.93,11,2.05,168,Moderate
29.98,92.12,8.89,34.16,26.14,35.67,0.72,13.16,33.09,1.81,17.81,0.76,128,Moderate
52.48,111.4,9.03,31,25.96,44.57,0.84,10.43,44.04,2.24,22.29,1.31,126,Moderate
30.07,71.42,8.68,29.01,23.9,44.84,0.76,8.48,33.17,1.65,18.35,0.44,99,Satisfactory
37.11,84.12,10.99,30.43,26.78,42.44,0.87,9.36,31.43,2.22,17.18,1.01,90,Satisfactory
41.41,103.75,10.42,32.89,28.23,40.71,0.91,9.55,31.21,2.3,21.04,1.02,113,Moderate
34.18,97.81,10.82,28.46,26.45,44.47,0.78,8.53,28.09,1.56,20.66,1,102,Moderate
34.24,122.23,7.87,25.74,22.61,36.17,0.65,8.82,33.79,0.98,15.01,0.37,111,Moderate
44.55,109.65,11.74,37.27,32.19,38.7,0.86,10.11,39.78,1.82,21.86,1.98,122,Moderate
45.76,113.75,8.01,31.17,25.67,37,0.78,10.14,45.71,1.88,22.27,5.74,128,Moderate
50.41,133.6,13.52,38.05,33.66,38.45,0.95,11.14,41.14,2.57,32.38,14.04,130,Moderate
57.12,163.19,16.15,36.71,35.28,48.7,0.94,10.27,40.01,2.31,31.73,3.26,147,Moderate
61.93,158.13,8.99,34.43,28.17,51.84,0.9,10.4,53.82,2.06,24.89,2.46,155,Moderate
68.2,179.05,14.86,39.85,35.86,57.11,0.98,11.6,65.27,2.31,30.07,2.62,176,Moderate
70.48,169.96,9.06,35.14,28.69,55.38,0.93,11,54.8,1.66,20.19,1.01,168,Moderate
47.48,112.45,7.74,28.19,24.09,47.18,0.81,10.92,43.89,1.07,17.31,0.24,140,Moderate
39.78,102.39,8.76,31.82,26.63,39.31,0.84,11.26,34.6,1.49,21.21,0.39,111,Moderate
46.53,127.08,10.21,34.22,28.48,35.01,0.76,10.92,45.16,1.49,21.79,1.1,130,Moderate
28.44,61.6,12.27,31.94,29.09,33.49,0.88,10.69,26.96,1.55,24,0.99,109,Moderate
33.82,70.35,13.24,31.63,31.3,34.11,0.84,11.13,29.2,1.81,29.69,1.03,96,Satisfactory
37.76,78.42,8.28,28.9,25.51,32.08,0.78,10.64,28.01,1.19,21.78,0.41,92,Satisfactory
37.32,83.03,13.87,33.31,32.44,36.19,0.96,9.51,23.59,1.61,31.33,1.3,95,Satisfactory
34.26,84.78,11.89,30.73,28.81,41.85,0.87,10.2,31.96,1.53,28.84,0.85,105,Moderate
37.76,97.11,12.45,29.45,28.39,46.23,0.82,11.04,32.43,1.48,25.94,0.83,114,Moderate
35.04,83.54,10.58,27.41,25.71,41.74,0.8,11.14,31.96,1.31,22.7,0.47,106,Moderate
37.26,80.33,12.22,33.46,30.45,38.54,0.89,10.4,24.18,1.87,30.82,0.91,90,Satisfactory
50.21,95.93,17.99,36.48,37.03,43.54,0.97,11.2,32.23,2.32,32.24,0.88,114,Moderate
25.81,47.63,12.14,27.55,27.12,37.26,0.83,9.85,24.91,1.28,23.18,0.63,87,Satisfactory
32.39,69.73,14.28,28.74,29.43,39.3,0.81,10.43,26.11,1.39,23.1,0.48,80,Satisfactory
39.3,94.8,12.18,29.15,26.72,40.08,0.83,10.78,34.46,1.5,24.69,0.45,101,Moderate
34.7,80.13,15.59,27.58,28.48,39.46,0.81,9.99,21.39,1.18,26.71,0.56,90,Satisfactory
32.22,57.98,16.81,25.1,28.9,38.33,0.89,9.27,18.6,1.26,25.4,0.6,90,Satisfactory
21.75,35.79,14.04,23.41,25.77,33.02,0.91,9.13,19.82,1.46,30.17,0.54,68,Satisfactory
37.69,67.2,13.43,21.59,24.43,29.08,0.73,9.55,24.11,1.36,22.84,0.45,71,Satisfactory
44.03,116.89,18.34,25.02,30.46,36.7,0.74,9.37,26.19,1.24,22.57,0.44,100,Satisfactory
39.89,122.86,15.98,25.06,28.28,42.39,0.8,8.96,28.09,1.08,22.42,0.29,122,Moderate
50.59,165.4,15.59,28.84,30.1,41.94,0.91,9.12,27.81,1.28,24.33,0.57,135,Moderate
55.77,195.09,19.92,26.14,32.34,38.58,0.94,9.71,29.94,1.38,22.32,0.28,155,Moderate
71.5,268.29,20.56,25.2,32.61,36.33,0.86,10.22,29.3,1.47,23.26,0.31,215,Poor
65.46,248.8,19.1,26.08,31.73,34.43,0.78,9.48,28.1,1.4,20.79,0.21,228,Poor
69.75,264.97,19.25,28.77,32.96,33.4,0.76,9.61,29.61,1.23,22.81,0.33,215,Poor
63.57,246.89,17.71,24.82,29.73,33.84,0.71,9.86,25.4,1.08,17.19,0.4,234,Poor
50.64,131.76,19.28,26.59,32.23,45.36,0.9,9.4,27.42,1.44,22.79,0.49,166,Moderate
44.54,110.19,18.64,26.15,31.04,40.11,0.98,10.65,32.06,1.55,24.7,0.59,123,Moderate
36.7,76.04,19.04,25.24,30.33,38.57,1.02,9.47,31.12,1.55,23.23,0.58,108,Moderate
36.84,91.15,17.18,24.98,29.1,38.58,0.89,9.85,34.11,1.37,21.43,0.47,102,Moderate
46.24,115.63,27.59,34.82,42.63,40.95,1.11,9.66,31.83,1.81,28.91,0.33,111,Moderate
32.72,98.26,18.61,24.06,28.8,36.5,0.7,8.84,27.66,1.28,22.4,0.27,106,Moderate
25.7,83.58,14.86,23.5,25.93,30.55,0.66,9.09,23.92,0.97,20.03,0.1,92,Satisfactory
32.75,106.03,16.15,25.04,28.15,34.65,0.84,9.26,27.7,1.11,23.38,0.09,102,Moderate
46.85,126.7,14.03,29.49,30.34,39.38,1.09,9.86,32.47,1.57,31.99,0.19,122,Moderate
43,117.21,9.88,23.72,22.86,37.96,0.84,8.85,34.04,1.41,30.1,0.07,128,Moderate
36.49,88.06,18.67,29.32,33.72,40.19,1.21,10.43,31.87,1.88,38.17,0.11,109,Moderate
32.98,80.82,18.25,24.58,30.72,37.68,0.98,9.26,30.62,1.88,35.61,0.23,109,Moderate
32.11,77.4,12.87,26.17,26.14,32.83,0.88,10.05,30.9,1.61,31.04,0.05,90,Satisfactory
47.01,96,18.92,31.85,33.12,31.46,1.07,11.4,32.1,1.63,32.28,0.03,100,Satisfactory
61.1,125.39,23.17,32.54,37.99,38.4,1.18,10.88,39.36,1.66,30.16,0.12,138,Moderate
30.98,77.56,11.76,27.85,26.25,32.36,1.02,11.99,31.02,1.09,20.9,0.09,105,Moderate
29.75,74.91,14.93,28.18,28.73,28.58,0.9,11.43,25.33,1.23,25.98,0.05,91,Satisfactory
31.19,73.3,15.41,24.72,27.95,32.42,0.82,10.82,18.25,1.16,25.82,0.04,86,Satisfactory
23.71,88,17.54,24.6,29.81,28.45,0.8,10.4,19.29,1.15,27.47,0.16,89,Satisfactory
21.96,82.69,14.99,22.78,26.16,25.87,0.68,10.9,20.69,1.19,26.57,0.03,100,Satisfactory
23.96,77.21,9.89,19.92,20.16,24.13,0.6,10.31,24.77,0.96,20.49,0.08,85,Satisfactory
24.78,56.62,10.67,23.6,23.07,26.04,0.78,10.82,26.5,1.31,23.78,0.07,82,Satisfactory
29.26,58.76,14.65,25.52,27.65,27.99,0.85,10.84,21.91,1.53,28.19,0.09,81,Satisfactory
36.06,65.58,15.31,26.12,27.86,29.36,0.9,10.23,21.53,1.6,28.23,0.08,88,Satisfactory
41.26,95.47,21.4,28.28,34.45,29.82,0.95,9.97,27.06,1.78,30.81,0.2,97,Satisfactory
47.53,152.29,13.54,25.96,26.93,28.79,0.82,9.67,23.57,1.47,29.67,0.12,127,Moderate
45.19,110.35,19.47,28.51,31.54,31.04,1.02,10.53,19.58,2.24,34.3,0.04,132,Moderate
40.9,80.4,20.91,23.44,29.51,31.34,0.87,9.81,23.36,1.95,33.74,0.15,116,Moderate
42.06,72.38,17.6,27.63,30,30.05,1.06,9.96,26.15,2.11,29.86,0.79,89,Satisfactory
55.72,105.56,34.09,35.94,49.8,32.41,1.29,10.8,26.55,2.89,37.58,0.13,118,Moderate
39.77,101.8,21.85,30.63,37.55,29.56,1.04,9.62,20.64,2.12,31.65,0.08,108,Moderate
49.44,138.52,28.45,30.88,43.56,30.78,0.96,10.13,26.24,2.19,29.94,0.03,137,Moderate
42.11,87.03,30.95,37.91,49.1,32.06,1.1,10.75,28.23,2.51,36.86,0.28,117,Moderate